timestamp,throughput_bps,latency_ms,packet_loss_rate,retransmits,is_anomaly
2024-01-01 00:00:00,8198685661.2044935,12.699677718293001,0.0005227404730506311,3,0
2024-01-01 04:00:00,9330334925.586628,14.194367649025262,6.828938057355076e-05,2,0
2024-01-01 08:00:00,9644716061.295378,13.761865992528964,0.0004289699972993807,3,0
2024-01-01 12:00:00,8609211942.56321,11.676531611147213,0.00011765590487807251,3,0
2024-01-01 16:00:00,6520698004.055564,10.617060849237918,0.0016514857100754802,5,0
2024-01-01 20:00:00,6520704571.165226,10.464691885141997,0.0029505299850619985,6,0
2024-01-02 00:00:00,8631685126.202957,12.447596610013866,7.506463373245577e-05,3,0
2024-01-02 04:00:00,9692614537.716265,14.049636708409862,0.0031036562340686857,5,0
2024-01-02 08:00:00,9197850891.681122,14.256827165228547,0.0007393515493887611,2,0
2024-01-02 12:00:00,8217024017.434387,11.732382394219716,0.00035605467627860204,2,0
2024-01-02 16:00:00,6428992276.819914,10.926646225248286,7.997662473957208e-05,4,0
2024-01-02 20:00:00,6428067452.516795,10.366748994777321,0.0006943964967713936,3,0
2024-01-03 00:00:00,8096784908.626412,13.03763043631263,0.001582384890197618,2,0
2024-01-03 04:00:00,8620328548.191982,13.387456898524093,0.0012278778577836497,1,0
2024-01-03 08:00:00,8695673513.04989,14.600032709151503,5.153122949604646e-05,5,0
2024-01-03 12:00:00,7775084988.303615,12.098955391731328,7.569582405825249e-05,3,0
2024-01-03 16:00:00,6209226905.811131,9.9422401906239,0.0005156259312160877,4,0
2024-01-03 20:00:00,6740058286.983008,10.026006275403962,0.000349969609380049,1,0
2024-01-04 00:00:00,7636790369.791514,11.839826345902837,0.0002644660917325595,3,0
2024-01-04 04:00:00,8820719165.520983,13.944133780769834,0.00032990017845551165,4,0
2024-01-04 08:00:00,9971900153.623722,13.993468551586627,0.001627005031156716,2,0
2024-01-04 12:00:00,7909689479.805387,11.713149998030712,0.002648292594543428,2,0
2024-01-04 16:00:00,6641370635.820069,10.255771896300633,0.0005193664841775336,2,0
2024-01-04 20:00:00,6044460079.459513,11.339084371737052,0.0023656420682428903,4,0
2024-01-05 00:00:00,7782246910.189925,12.863771585050355,0.0003878644640572496,5,0
2024-01-05 04:00:00,9430009681.93905,13.950212642405894,0.0006470978859895243,2,0
2024-01-05 08:00:00,8925243215.08618,13.751052546652977,0.0002562208709727886,2,0
2024-01-05 12:00:00,8150279207.338271,12.060015663359133,0.0010229744619715446,4,0
2024-01-05 16:00:00,6374103877.977379,10.574708178796334,0.0038623339679763223,0,0
2024-01-05 20:00:00,6497681854.027588,9.756552909831921,0.000925061825810096,3,0
2024-01-06 00:00:00,7759317355.108233,11.87131173128832,0.00044287742860668416,0,0
2024-01-06 04:00:00,10126551919.858675,12.89775877063008,0.001043605618475484,2,0
2024-01-06 08:00:00,9380241756.159931,13.93166236887152,0.00013115784425231066,2,0
2024-01-06 12:00:00,7576915628.417636,12.323597969851367,0.0021951584356663064,1,0
2024-01-06 16:00:00,6943377318.786173,10.026355961281434,0.0006993341822032346,4,0
2024-01-06 20:00:00,6126021893.956489,11.054942574076138,0.0005966554119061019,5,0
2024-01-07 00:00:00,8083545438.001901,11.387117168498825,0.0008815627605399605,1,0
2024-01-07 04:00:00,8601772596.50319,12.999863367463965,0.000980253053151827,4,0
2024-01-07 08:00:00,8854366226.495733,13.844276716848869,7.448198725566498e-05,0,0
2024-01-07 12:00:00,8078744494.347658,12.523549151306089,0.00114764672952438,6,0
2024-01-07 16:00:00,6909745985.943062,11.109913038160055,0.00027698176589151046,5,0
2024-01-07 20:00:00,6682906666.42088,10.038507060996645,0.0012515978612695335,1,0
2024-01-08 00:00:00,7953740687.044701,12.539340416715644,0.001728980713981719,5,0
2024-01-08 04:00:00,9265199167.819384,13.71279657281852,0.0016294289459954795,1,0
2024-01-08 08:00:00,8794231849.908134,13.645737157598472,0.0008040809030749026,4,0
2024-01-08 12:00:00,3278221989.5904384,29.833168855632575,0.10834906736453175,49,1
2024-01-08 16:00:00,6430103845.560988,10.594110631637838,0.0001541726349642509,1,0
2024-01-08 20:00:00,7037208244.432464,9.479753113938997,0.0014931945076374282,3,0
2024-01-09 00:00:00,8137447315.827382,12.738270174862944,0.0003166432691086065,3,0
2024-01-09 04:00:00,8680424583.910006,14.422096484642601,0.0006865597708997226,6,0
2024-01-09 08:00:00,9515274233.813017,13.41926945681411,0.0003344579966637421,0,0
2024-01-09 12:00:00,7845967087.833482,12.197901766718715,0.00014367219490729618,3,0
2024-01-09 16:00:00,6343590553.822515,10.514964285572491,0.0009930575734759224,5,0
2024-01-09 20:00:00,6859029869.481245,10.398286075343075,5.586375972591637e-05,1,0
2024-01-10 00:00:00,8412399808.998377,11.724847423077286,0.0013808899279180804,3,0
2024-01-10 04:00:00,9758152693.701584,13.396239123599855,0.00038211993255389656,4,0
2024-01-10 08:00:00,9049953636.76605,13.719273772073159,1.3470207640267371e-07,2,0
2024-01-10 12:00:00,7876315049.659524,12.586364509629695,0.0007156569128044453,3,0
2024-01-10 16:00:00,6746864726.506324,10.53974926972834,4.798499236125218e-05,7,0
2024-01-10 20:00:00,7004577404.79384,10.082642026388069,0.0003231981099097797,1,0
2024-01-11 00:00:00,7808330304.861869,12.385849355324153,0.001227502425593323,3,0
2024-01-11 04:00:00,9311377055.389572,12.307779497253836,6.474080465882679e-05,3,0
2024-01-11 08:00:00,8943106656.452694,14.306433657754933,0.0018284555642147865,1,0
2024-01-11 12:00:00,7521517350.36773,11.130143110610948,3.827237196396057e-06,1,0
2024-01-11 16:00:00,6939369682.902583,10.086728721729564,0.00028345617309149553,2,0
2024-01-11 20:00:00,7156855365.373226,9.70811424511805,0.0013505568463111042,2,0
2024-01-12 00:00:00,7971195951.367873,11.352659262139555,0.00038019239511974975,6,0
2024-01-12 04:00:00,9787053805.211908,14.312464201258132,0.00010746538274379352,1,0
2024-01-12 08:00:00,9530295056.074154,13.49820020691293,0.000446652667564808,3,0
2024-01-12 12:00:00,7741952098.157961,12.17325194086537,0.00031524963848875604,3,0
2024-01-12 16:00:00,6758917596.148264,10.244488902991531,0.0018496761371370291,4,0
2024-01-12 20:00:00,7229573980.53129,10.506469606042689,0.0003759275452938398,2,0
2024-01-13 00:00:00,7985669584.356014,12.038410945530122,0.0015555771577313506,3,0
2024-01-13 04:00:00,10011498108.380695,13.090554695474582,0.0022244409077040285,4,0
2024-01-13 08:00:00,8337742604.4192095,14.230184217292452,0.0005688386725432963,2,0
2024-01-13 12:00:00,8328761001.750089,11.753121708419341,0.0024073140731611965,3,0
2024-01-13 16:00:00,6649178181.240172,9.489658243101255,0.00047371941055951607,2,0
2024-01-13 20:00:00,6494756413.75855,10.053891611948165,0.003326416952168716,4,0
2024-01-14 00:00:00,8036704310.614184,12.750379895317135,9.353024181236151e-05,1,0
2024-01-14 04:00:00,8590613080.21474,14.15716167862562,0.0011616136446599883,3,0
2024-01-14 08:00:00,9297771890.920097,13.557724740364945,0.0006808511682311532,5,0
2024-01-14 12:00:00,8142845028.60471,11.8253711478408,0.0004904493137625132,2,0
2024-01-14 16:00:00,7205516971.8415165,10.107131666822447,0.0010016086674053278,4,0
2024-01-14 20:00:00,6407051266.635444,11.30632318421155,0.0012169131426351242,2,0
2024-01-15 00:00:00,7676602558.842719,12.190967726115769,4.372816491746413e-06,1,0
2024-01-15 04:00:00,9184937828.621288,13.947071631164414,0.000182665322371209,3,0
2024-01-15 08:00:00,9751801493.135937,14.247192534584805,0.0012484335312686664,4,0
2024-01-15 12:00:00,8131500443.863896,12.119394579513285,0.0010977688851674724,7,0
2024-01-15 16:00:00,6402455272.438088,10.138428119520778,0.0033827929410405414,4,0
2024-01-15 20:00:00,6819666327.190239,10.16977426788863,0.0014314498577567404,6,0
2024-01-16 00:00:00,8038831019.739222,11.964199370292976,0.003011307088376879,4,0
2024-01-16 04:00:00,9773098642.268253,13.713439689313951,0.0012124772028770873,1,0
2024-01-16 08:00:00,9104819408.504171,14.09586557938738,0.0003538962490032648,1,0
2024-01-16 12:00:00,2622977047.9444757,43.475726879318415,0.16362068323883916,43,1
2024-01-16 16:00:00,6457516092.692037,10.634269231038914,0.0015224525761144807,4,0
2024-01-16 20:00:00,6028953374.692054,10.227590902376836,0.001033243797452025,3,0
2024-01-17 00:00:00,8118448110.825824,12.039317595158039,4.938565445154199e-05,3,0
2024-01-17 04:00:00,9490062754.927048,12.73295046530281,0.0004463659587077571,3,0
2024-01-17 08:00:00,9387686028.712091,14.190214644920125,0.0031419105125441147,3,0
2024-01-17 12:00:00,7906165146.649942,12.173244237948998,0.0006939497939883505,1,0
2024-01-17 16:00:00,6048211057.124728,10.766954247360944,0.0005669183750725491,1,0
2024-01-17 20:00:00,6446101224.838752,8.819821503334275,0.0006119351970499989,3,0
2024-01-18 00:00:00,2556485763.6042686,38.35125545484272,0.12377721504607132,43,1
2024-01-18 04:00:00,9064729738.36645,13.662255993491284,0.0004599854525591702,3,0
2024-01-18 08:00:00,9321126361.388699,14.286142215937636,0.0004617390844520374,3,0
2024-01-18 12:00:00,8161620342.725805,11.480047036437222,5.377534073609781e-05,0,0
2024-01-18 16:00:00,7368833714.4291115,10.57433614496241,0.0014591559716130497,2,0
2024-01-18 20:00:00,6684190479.077625,9.741241410844285,0.0005387184226637699,1,0
2024-01-19 00:00:00,8103020156.289099,11.688115519652088,0.001726982839782898,2,0
2024-01-19 04:00:00,9355862279.748625,14.689066484502257,0.0018994426877388573,4,0
2024-01-19 08:00:00,8618132159.935478,13.636709607187196,0.00023824964435406249,4,0
2024-01-19 12:00:00,7989394449.820315,12.108716436589864,0.0010710559234713096,1,0
2024-01-19 16:00:00,6638451437.921316,10.702983057775509,0.0006391928577607432,3,0
2024-01-19 20:00:00,7599656198.939011,10.515790136417422,0.00212157053930236,3,0
2024-01-20 00:00:00,7923055614.087532,12.075209452571766,0.00024301554696629725,2,0
2024-01-20 04:00:00,9506259582.988554,13.914531308801998,0.0011326237783834449,2,0
2024-01-20 08:00:00,2670788562.4088554,72.02398498041607,0.1715930252062869,49,1
2024-01-20 12:00:00,2576431033.4242644,38.15499156592912,0.12466803934688743,59,1
2024-01-20 16:00:00,7071488479.750909,10.36849871578861,0.00014687824248068755,3,0
2024-01-20 20:00:00,6915132567.019599,10.793276390434919,0.0010545181635854284,2,0
2024-01-21 00:00:00,8316412778.817188,12.552762966478953,0.001341693753785471,1,0
2024-01-21 04:00:00,9021885664.137207,14.325565960349069,0.00037925269066017673,0,0
2024-01-21 08:00:00,9946758370.429546,14.051415918583476,0.001035166062680498,3,0
2024-01-21 12:00:00,7439259574.883112,11.42849754363479,0.0005027432205813675,4,0
2024-01-21 16:00:00,6849102191.465014,11.08466495858168,0.0012489941708327505,4,0
2024-01-21 20:00:00,7490541604.268887,9.694776495921774,0.000222163125706071,3,0
2024-01-22 00:00:00,7603785469.947727,12.15131773261952,0.0022092313952729917,3,0
2024-01-22 04:00:00,9159121554.213999,13.354912882559207,0.0003388484927346188,6,0
2024-01-22 08:00:00,9425501192.09017,13.699981634272396,0.00045852731518833894,4,0
2024-01-22 12:00:00,7798609738.353535,12.164381205151757,5.9847622843706086e-05,4,0
2024-01-22 16:00:00,5994093981.518448,10.428627800156262,0.00011823437635671136,5,0
2024-01-22 20:00:00,6641784543.8673115,10.478909569548767,0.0007253850879884061,1,0
2024-01-23 00:00:00,7575078514.509572,12.806855634529342,0.0003114184672257246,4,0
2024-01-23 04:00:00,9575077618.309164,13.958817958325854,0.0018047245077470063,2,0
2024-01-23 08:00:00,9017870952.361586,13.609972489923562,1.4802405694441706e-05,4,0
2024-01-23 12:00:00,8619973762.007019,12.482043584144183,0.0004765756556547072,5,0
2024-01-23 16:00:00,6301058037.0104,10.862684436893439,0.000411501611341643,2,0
2024-01-23 20:00:00,6485534747.462636,9.654145284862636,1.9516851669877113e-05,4,0
2024-01-24 00:00:00,8325406886.947848,12.298700034924904,0.0001328098233045887,1,0
2024-01-24 04:00:00,2979976745.857006,30.870979488153004,0.2656085325352892,68,1
2024-01-24 08:00:00,9476624619.896755,13.583269055888882,0.0006789772192339921,4,0
2024-01-24 12:00:00,8522857101.713009,12.687853406655856,0.0005180008832397219,1,0
2024-01-24 16:00:00,5971366060.120398,10.19292139891485,0.0007570196375133226,1,0
2024-01-24 20:00:00,6688212897.357811,10.330737419166882,0.0009041933879635167,0,0
2024-01-25 00:00:00,8103953117.69936,11.913464087858053,9.973390458152717e-06,3,0
2024-01-25 04:00:00,9698369794.766026,13.739840331359611,0.0006237986699666189,3,0
2024-01-25 08:00:00,8890860361.703888,13.1839132641213,0.003310422221009638,4,0
2024-01-25 12:00:00,7471817354.766271,11.279974558702829,0.0007319551215848256,2,0
2024-01-25 16:00:00,6823135980.191666,11.06520172404362,0.0011317832132238966,3,0
2024-01-25 20:00:00,2060149648.7315114,24.72962295238062,0.21572656308614147,59,1
2024-01-26 00:00:00,8100197140.138352,11.504303825271847,0.0014871821306709975,2,0
2024-01-26 04:00:00,9524219929.853874,12.655355750766997,0.00148245942648968,2,0
2024-01-26 08:00:00,9113630757.423717,13.412569933724141,0.0007366729262027566,2,0
2024-01-26 12:00:00,8092901478.864417,11.33845510329627,0.003730277584535845,4,0
2024-01-26 16:00:00,6731588343.264374,11.088956772499312,0.0001341604072843749,1,0
2024-01-26 20:00:00,6328618786.734352,10.772857737102441,1.70929200584672e-05,4,0
2024-01-27 00:00:00,8746309804.457869,11.655924827411097,0.0014703640839597827,3,0
2024-01-27 04:00:00,9575173814.419806,14.858268710241017,0.0016458713080659462,3,0
2024-01-27 08:00:00,2985607667.388318,64.59900303148345,0.16031858418751715,54,1
2024-01-27 12:00:00,8262621443.453537,11.837584308245694,0.0003086780643480349,3,0
2024-01-27 16:00:00,6224486685.853968,9.018246334994334,1.7708232706465002e-05,1,0
2024-01-27 20:00:00,6929193195.441863,11.413420478726474,0.0003471612158516566,1,0
2024-01-28 00:00:00,8463438231.60294,11.305213766618175,0.001483430452128112,3,0
2024-01-28 04:00:00,9057367718.71441,12.909351434090423,0.0007297292755720701,5,0
2024-01-28 08:00:00,9770991097.752855,14.243336023573727,0.0004278573430933416,4,0
2024-01-28 12:00:00,8165112370.774638,13.219876203169687,0.0004648000631593654,2,0
2024-01-28 16:00:00,6943183417.942686,10.960085601686371,1.3545426943478148e-06,7,0
2024-01-28 20:00:00,7373076547.00649,10.549903752457318,0.00035639002391120705,0,0
2024-01-29 00:00:00,7901844753.598841,12.297377170832629,0.0010397550865605175,4,0
2024-01-29 04:00:00,9084146180.312105,14.158758586959031,0.0036571654542851798,2,0
2024-01-29 08:00:00,9029834874.204887,14.111515102462254,0.0018777149986246913,3,0
2024-01-29 12:00:00,7673675886.013853,12.140595711984723,2.38777834155165e-05,1,0
2024-01-29 16:00:00,6583518670.179267,10.320049744407072,0.0022882937492222587,3,0
2024-01-29 20:00:00,6750820143.871551,10.236652628481355,0.0015287726907101526,1,0
2024-01-30 00:00:00,8110676319.731962,11.623017705566605,0.0015158388483489996,3,0
2024-01-30 04:00:00,1707622430.725279,58.63423553962615,0.2603599399890612,52,1
2024-01-30 08:00:00,9390841402.806278,12.885572400471201,0.0005075066259951957,3,0
2024-01-30 12:00:00,8581413630.862898,11.95083018660259,0.00036084896998231304,2,0
2024-01-30 16:00:00,6508496620.64972,9.77365363885567,6.795219063427086e-05,1,0
2024-01-30 20:00:00,7702427020.580746,9.716154533823238,0.0002590756504330275,4,0
2024-01-31 00:00:00,8250266939.106014,12.089947075576754,0.0002831638085009333,4,0
2024-01-31 04:00:00,9042777623.488577,14.42805195074116,0.0006617978845593669,3,0
2024-01-31 08:00:00,8957283646.830664,14.191209110570044,0.0013761238826067157,1,0
2024-01-31 12:00:00,8192988966.0972805,11.214749698188418,0.000642092588615655,4,0
2024-01-31 16:00:00,6524974239.814579,9.77313512414598,5.958489006248408e-05,2,0
2024-01-31 20:00:00,6899959551.581718,10.73833478642521,0.003165093404396757,4,0
2024-02-01 00:00:00,2924670427.091886,36.20585837425185,0.28920366764771943,61,1
2024-02-01 04:00:00,9356509080.992369,13.619734232570384,0.0015379992357279178,5,0
2024-02-01 08:00:00,9046923158.827742,14.007076857081156,0.004747644483359944,3,0
2024-02-01 12:00:00,7394061110.125649,11.515827772568176,0.0007863207766462898,1,0
2024-02-01 16:00:00,6435753373.118083,10.320636945504095,0.0032905960797829,2,0
2024-02-01 20:00:00,6956918871.674276,9.600936444972007,7.861585344916983e-05,1,0
2024-02-02 00:00:00,8085637497.652069,11.699316178024377,0.0004552028996462769,5,0
2024-02-02 04:00:00,8887345134.570305,13.891941774640143,0.0002553843293985911,1,0
2024-02-02 08:00:00,9454913016.395596,12.935553940803066,0.0002179484245523082,3,0
2024-02-02 12:00:00,8154126951.891564,12.220237368980237,0.000151756987371085,2,0
2024-02-02 16:00:00,6260816379.464455,10.258130292967795,0.000973955972391981,3,0
2024-02-02 20:00:00,6675849396.323081,10.544194169639661,0.0015201542911231598,2,0
2024-02-03 00:00:00,8023283487.378398,12.111957067032328,0.0008634573226958267,5,0
2024-02-03 04:00:00,8928452526.922855,14.414121022555804,0.00015895201566782516,4,0
2024-02-03 08:00:00,9528755590.194407,13.79466305889282,0.0016666633458146543,5,0
2024-02-03 12:00:00,8224313810.547313,11.785297229437397,0.001010476988217397,2,0
2024-02-03 16:00:00,7047579851.2150135,10.32909794394727,0.0004912937947777809,3,0
2024-02-03 20:00:00,7035880174.75886,10.539598206949318,0.0011212576570670681,2,0
2024-02-04 00:00:00,7448932252.817127,12.024430035162808,0.00030097669459871714,1,0
2024-02-04 04:00:00,9010510630.089039,13.752346653170802,0.00042341353449396285,3,0
2024-02-04 08:00:00,9591654752.938576,13.381054963665509,0.0024947854019627047,1,0
2024-02-04 12:00:00,8205514380.364937,11.668549541224593,0.000343201132890464,7,0
2024-02-04 16:00:00,6820378428.467317,9.566646556531275,0.0006348561371298942,6,0
2024-02-04 20:00:00,8155451950.206792,11.142737564024598,0.0022085588042617507,3,0
2024-02-05 00:00:00,8228356204.277287,11.378068382304383,0.0012300476518437322,4,0
2024-02-05 04:00:00,9839866902.127333,13.385598208670913,6.422201247407276e-05,1,0
2024-02-05 08:00:00,9767241351.452387,13.372847174784283,0.00015935106340465578,1,0
2024-02-05 12:00:00,8260556500.522316,12.447462188472217,7.872497723973615e-06,2,0
2024-02-05 16:00:00,6488251656.088777,10.120474353285129,0.0009967467068014914,3,0
2024-02-05 20:00:00,6917947042.142193,10.891820228767974,0.0005936157870102338,3,0
2024-02-06 00:00:00,7690869914.184957,11.663254687878048,0.0001441878005901035,1,0
2024-02-06 04:00:00,9290913203.359074,13.871547888680748,0.003168518343315222,4,0
2024-02-06 08:00:00,2346158867.2696595,33.449455077253624,0.10670927558137379,51,1
2024-02-06 12:00:00,8032749655.754515,13.072574563886675,0.00027693113030920473,3,0
2024-02-06 16:00:00,7540222780.614289,9.67414998291635,0.0006943550520525156,3,0
2024-02-06 20:00:00,5867453276.908193,10.422859547544627,0.0011382485262732562,1,0
2024-02-07 00:00:00,8274504076.149802,12.316888440466046,7.930213477005081e-05,2,0
2024-02-07 04:00:00,8740554297.579245,13.938950356294631,0.0003211751765850929,4,0
2024-02-07 08:00:00,9196867899.739344,13.639406978130042,0.001644886302350852,2,0
2024-02-07 12:00:00,8435580238.786966,11.935089650133312,0.0006155657215573473,0,0
2024-02-07 16:00:00,6640071361.583089,10.289854928420683,0.0007909301276058035,4,0
2024-02-07 20:00:00,6183261442.773152,10.194448191616848,0.0005670715168023113,0,0
2024-02-08 00:00:00,7713878516.295976,12.481939558397409,4.489270890015703e-05,2,0
2024-02-08 04:00:00,9657479745.628958,14.837312308364535,0.00018122189742519367,5,0
2024-02-08 08:00:00,9093493993.368233,13.453304915064944,0.0005897635674222761,1,0
2024-02-08 12:00:00,8086583435.8328,11.315098510210474,0.000234691808249024,5,0
2024-02-08 16:00:00,6632588089.9064245,10.223808168255497,5.1271219536126844e-05,4,0
2024-02-08 20:00:00,6353719214.9025755,11.557803861258288,0.0018556560463874308,4,0
2024-02-09 00:00:00,8857577635.730104,11.5981627160151,0.00397350110319524,3,0
2024-02-09 04:00:00,9639208254.982298,14.5516092102909,0.0015757269365677424,6,0
2024-02-09 08:00:00,8575583611.392062,14.570901214607103,0.0019226766022694781,2,0
2024-02-09 12:00:00,8074581725.907815,11.723205879146057,0.00027704172270921133,4,0
2024-02-09 16:00:00,6349644768.03756,10.552440732023783,0.003234674354858788,2,0
2024-02-09 20:00:00,6955332687.863375,11.082147503995376,0.00021930804684137822,5,0
2024-02-10 00:00:00,7682991704.626859,11.81043612950618,0.0030247453182020516,3,0
2024-02-10 04:00:00,1736649593.2928512,28.909653073881042,0.10028413564759432,42,1
2024-02-10 08:00:00,9587635557.647282,13.441210350594552,0.0012438327816846819,3,0
2024-02-10 12:00:00,8346302077.668036,11.49262163465355,0.0039709098894264465,1,0
2024-02-10 16:00:00,6134240791.1226,9.943310419898134,0.0008429003625594063,3,0
2024-02-10 20:00:00,6480558859.608512,9.655979059049987,0.00030048607249231953,6,0
2024-02-11 00:00:00,7810021875.535567,12.01704173412955,0.0005744683429928096,3,0
2024-02-11 04:00:00,9124308953.02562,13.347064192039559,0.0009003212637616178,1,0
2024-02-11 08:00:00,10091822342.167557,13.84894376346427,7.588970221384388e-05,3,0
2024-02-11 12:00:00,8161992684.38445,11.22205217689827,0.0009737696033949511,3,0
2024-02-11 16:00:00,6110005772.210886,10.43338930853836,0.003972720207875389,2,0
2024-02-11 20:00:00,2070753852.8601177,52.639117919485166,0.13331043513768193,52,1
2024-02-12 00:00:00,8848862478.80506,11.00313217871428,0.001573082436156245,0,0
2024-02-12 04:00:00,9798626750.275547,13.919079092492645,0.0023848672389512574,8,0
2024-02-12 08:00:00,8777892659.673485,14.345885303805506,0.0028770890358924958,1,0
2024-02-12 12:00:00,7806306370.853511,11.395179490654412,0.0032222716944481987,1,0
2024-02-12 16:00:00,7121123813.619571,11.104235385850004,0.0007370147220569544,3,0
2024-02-12 20:00:00,6331291567.697391,10.477458697114152,0.003785738784859356,2,0
2024-02-13 00:00:00,8177527771.258463,11.647494072120761,0.0014159712237241735,2,0
2024-02-13 04:00:00,9695494267.426804,13.704166268739984,0.00017634517448085626,3,0
2024-02-13 08:00:00,9014868457.423874,14.011214263829745,0.0006479828321383203,4,0
2024-02-13 12:00:00,7976189857.575326,12.038002695706263,0.001267023278921252,3,0
2024-02-13 16:00:00,5317852417.917264,10.5373271886543,0.0002841420999797959,7,0
2024-02-13 20:00:00,6204604297.411169,9.807612395891422,0.001023361552461353,3,0
2024-02-14 00:00:00,7898972739.442764,12.084680412018075,0.0010984137455189629,3,0
2024-02-14 04:00:00,8886527373.269157,13.025193559116381,0.00017757254379850959,3,0
2024-02-14 08:00:00,10038605167.627779,13.676437776894556,0.0008326053877086579,5,0
2024-02-14 12:00:00,7427943448.815736,11.54804617926759,0.001476774632041396,5,0
2024-02-14 16:00:00,6438341559.266117,9.900184221136255,0.000690940945159936,4,0
2024-02-14 20:00:00,6666655584.859304,10.885995780036303,1.2176955887700333e-05,4,0
2024-02-15 00:00:00,8576509315.62644,12.545655060297127,9.079563850904285e-06,2,0
2024-02-15 04:00:00,4045427340.6289,42.80728858633687,0.18782934766570353,47,1
2024-02-15 08:00:00,9850906146.91708,13.185894425232581,0.002606316177052402,3,0
2024-02-15 12:00:00,8004093224.407859,11.84179577515263,0.00025964777096391695,2,0
2024-02-15 16:00:00,6221755893.5257015,10.874498042420695,0.00100611612505522,6,0
2024-02-15 20:00:00,6799200743.650204,10.338807649251072,0.0002511262797305097,4,0
2024-02-16 00:00:00,8079623878.229347,13.159664769990796,0.0003881213685465557,3,0
2024-02-16 04:00:00,9145553895.191591,13.928709727266071,0.0018841517017541254,3,0
2024-02-16 08:00:00,9413561480.05112,13.828075365813907,0.001305125305626397,6,0
2024-02-16 12:00:00,7845874561.255354,11.845441767898823,0.00010026162303666899,4,0
2024-02-16 16:00:00,6659766292.045399,10.334719644822266,0.0005598443507801785,2,0
2024-02-16 20:00:00,6879211623.753297,10.191714274240827,2.960365980225214e-05,1,0
2024-02-17 00:00:00,8634406726.458065,12.3540543383442,0.0006556397546358057,3,0
2024-02-17 04:00:00,8890514446.524353,14.210401965966156,0.0010859942668955457,4,0
2024-02-17 08:00:00,10238853995.917591,13.339056077314881,0.0001261332534369584,5,0
2024-02-17 12:00:00,7219164880.191001,11.334383523221113,0.0003409210323270345,6,0
2024-02-17 16:00:00,6553645315.930683,9.349846505879498,0.0005072264842828503,2,0
2024-02-17 20:00:00,6849686236.538737,10.521944855887405,0.00251988356829711,4,0
2024-02-18 00:00:00,8112396747.093994,11.44831669691304,0.004998956075902351,4,0
2024-02-18 04:00:00,9136560838.126837,12.655605511092602,4.595106218168274e-05,0,0
2024-02-18 08:00:00,9302391745.912191,13.926340109834358,0.0014313248803005745,4,0
2024-02-18 12:00:00,7802799626.136503,13.246499758716439,0.000464775824305489,5,0
2024-02-18 16:00:00,6378613451.16725,10.26491373666122,0.000498334276884173,2,0
2024-02-18 20:00:00,6954200192.753299,10.687194579656934,0.001403501450995342,5,0
2024-02-19 00:00:00,8142806194.386056,12.040914679273829,0.0025062499928371726,4,0
2024-02-19 04:00:00,9108476807.950842,13.682605980973307,0.003014478786587206,5,0
2024-02-19 08:00:00,9745480596.228418,14.191589049062783,0.0008606729434454637,2,0
2024-02-19 12:00:00,8122919808.350624,11.85486272790565,0.00044179900064941405,2,0
2024-02-19 16:00:00,6939504201.480491,10.401645349467083,0.0015490443095770988,0,0
2024-02-19 20:00:00,6866210890.714316,10.428798095529096,0.00028901814227877285,4,0
2024-02-20 00:00:00,7668401995.631174,11.665954773178479,0.0008302828409517735,1,0
2024-02-20 04:00:00,9161568229.976297,14.228071982337118,0.0004440684118766536,2,0
2024-02-20 08:00:00,9684558088.10444,13.644570929221217,0.0010689498229877938,3,0
2024-02-20 12:00:00,8244148106.1734,11.622127420253596,0.00027496186888850964,2,0
2024-02-20 16:00:00,6605998716.359264,10.536204114216355,0.0002126895672844426,2,0
2024-02-20 20:00:00,6661290307.268414,9.818715201535607,0.002503955981789687,1,0
2024-02-21 00:00:00,8511065958.315338,12.014090578684526,0.00010736661870379179,3,0
2024-02-21 04:00:00,9149012090.52078,13.72749130924679,0.0007051345584098177,4,0
2024-02-21 08:00:00,9604479598.523123,14.274998590484675,0.0002495552688905251,6,0
2024-02-21 12:00:00,7919122939.026491,12.237349116440036,3.970799371386665e-05,3,0
2024-02-21 16:00:00,6527286872.654007,10.255435713058546,3.66835056113271e-05,2,0
2024-02-21 20:00:00,7053870094.739759,10.676832342031247,0.00019264074345832686,3,0
2024-02-22 00:00:00,8330166539.595146,12.695103774508574,0.0020156809818707225,1,0
2024-02-22 04:00:00,9711044500.45535,14.010955960744802,0.00033195270666804943,2,0
2024-02-22 08:00:00,9907832168.916859,13.737227117490598,0.0030049581125357596,1,0
2024-02-22 12:00:00,8008401536.653096,11.34408188382491,0.0008713706491738638,3,0
2024-02-22 16:00:00,6887140542.462897,9.735392360893455,0.0005737906098150877,4,0
2024-02-22 20:00:00,6490252651.307529,10.115336840253805,0.0008677121011941033,2,0
2024-02-23 00:00:00,8129666540.995367,11.695243898920346,0.0007271143589950866,2,0
2024-02-23 04:00:00,9333583424.308004,13.638565156076126,0.0014220303685493483,3,0
2024-02-23 08:00:00,9424439032.052185,13.760375770017426,0.00033197684839872643,2,0
2024-02-23 12:00:00,8238062810.174792,12.264846377178399,0.0004354868725226266,2,0
2024-02-23 16:00:00,6287071080.65154,10.232699803401617,0.0022452062273805207,3,0
2024-02-23 20:00:00,7451314264.219079,10.511200014344219,0.0029272611169441506,1,0
2024-02-24 00:00:00,7597593047.400075,12.032237207405005,0.002230806229197307,6,0
2024-02-24 04:00:00,8899965200.939968,12.744317524391892,0.000543775893497494,2,0
2024-02-24 08:00:00,9848884995.455141,13.262383110659515,0.0015157904915515273,2,0
2024-02-24 12:00:00,8316665077.585145,11.927956222139155,0.0006469045124116817,2,0
2024-02-24 16:00:00,6864007280.765808,9.66310182101063,0.0006882389499473696,4,0
2024-02-24 20:00:00,6865697557.65059,10.567913557429199,0.0002290108667160451,1,0
2024-02-25 00:00:00,7995101290.8611555,12.76537541617175,0.0008943587635739941,2,0
2024-02-25 04:00:00,9026738897.460758,14.34143173341752,0.0002059618774743308,4,0
2024-02-25 08:00:00,9415962469.332577,13.625329372103753,0.0004028156695729184,3,0
2024-02-25 12:00:00,7729135315.39516,12.74536306842498,0.0019312298452903549,3,0
2024-02-25 16:00:00,7004407247.311974,10.342282921032147,0.00023202765991310308,3,0
2024-02-25 20:00:00,6555536401.344004,10.099406206872056,7.381693700302628e-05,6,0
2024-02-26 00:00:00,7669801121.282973,11.693298668229504,7.150415706895463e-05,3,0
2024-02-26 04:00:00,9257086309.393875,13.580815964324778,0.002826572293283546,3,0
2024-02-26 08:00:00,9550813227.765352,13.537962398298264,0.0007070847345157996,1,0
2024-02-26 12:00:00,7774510178.878449,12.085208111187793,0.0005266367498016637,2,0
2024-02-26 16:00:00,2715405729.3514466,22.226158580527123,0.2631097214104683,51,1
2024-02-26 20:00:00,6711834238.541607,10.269472202507762,0.0018068279988809697,3,0
2024-02-27 00:00:00,8097986628.443433,12.218469084873103,0.0004037531240628876,3,0
2024-02-27 04:00:00,9182863375.906649,14.327373944962048,0.001182922777166349,2,0
2024-02-27 08:00:00,9197225323.80779,14.206827875289562,0.001474569733059262,3,0
2024-02-27 12:00:00,8092819974.943037,11.257551015775027,0.0010631988723472205,1,0
2024-02-27 16:00:00,6035125617.345978,8.990988624980156,0.0001643972510280493,2,0
2024-02-27 20:00:00,6051373844.194294,10.735109148050782,0.002086531282741948,2,0
2024-02-28 00:00:00,7712622311.498935,11.316560650792177,0.0007745623605709238,3,0
2024-02-28 04:00:00,9300261785.370346,13.619668106622514,0.00033194390194044374,5,0
2024-02-28 08:00:00,9510003672.29434,13.146994294539244,0.0005537821611877682,3,0
2024-02-28 12:00:00,8590142486.779839,11.099009781210011,3.829507570270228e-05,6,0
2024-02-28 16:00:00,6957423203.225733,10.53868055653355,0.000136813115846664,2,0
2024-02-28 20:00:00,6550383941.959528,10.647526772582447,0.0014504990735121404,5,0
2024-02-29 00:00:00,7992393516.838981,11.711744799636712,1.1634823050432323e-08,6,0
2024-02-29 04:00:00,8984628900.199944,12.436529661496378,0.000538823650213271,6,0
2024-02-29 08:00:00,9378235391.658154,13.458928583442646,0.0007392124409338731,3,0
2024-02-29 12:00:00,7884536544.431996,12.195902002701338,5.618356915649692e-05,4,0
2024-02-29 16:00:00,6743446778.0801325,9.528493408044056,0.0036148175362787755,3,0
2024-02-29 20:00:00,6283466976.5239525,10.35962915232068,0.00025634534518311283,2,0
2024-03-01 00:00:00,8207738605.696491,11.992345075413528,0.0003626911761341702,5,0
2024-03-01 04:00:00,9998736211.25608,14.021696557369355,0.0003623230247239586,4,0
2024-03-01 08:00:00,9342136586.672382,13.791840991775985,0.0002619060302253947,2,0
2024-03-01 12:00:00,8160684688.839572,11.513465529559216,1.474909230385058e-06,0,0
2024-03-01 16:00:00,6890416950.629359,10.866234943263388,0.0013069095710746875,0,0
2024-03-01 20:00:00,6453871165.190576,10.188684405917652,0.003406576818902749,5,0
2024-03-02 00:00:00,8089636992.724154,11.986347730245019,0.00025398103044421103,6,0
2024-03-02 04:00:00,9390677606.36784,13.265416828032306,0.0010878123934605873,1,0
2024-03-02 08:00:00,9424711085.474678,13.510409681973174,0.0013543939412806242,2,0
2024-03-02 12:00:00,7690796086.457843,11.557598642986587,0.0018866772280370348,5,0
2024-03-02 16:00:00,6624163423.648508,10.181476162469453,0.0005492705793872256,4,0
2024-03-02 20:00:00,6813558670.443073,11.123803432502289,0.0003608707420593492,3,0
2024-03-03 00:00:00,8580457443.1179695,11.314049428534263,0.0003934799193146354,2,0
2024-03-03 04:00:00,9769348976.489187,12.925270108630512,0.0012469545359924232,0,0
2024-03-03 08:00:00,10246913629.059694,14.467635971315643,0.001697064750630053,4,0
2024-03-03 12:00:00,7693060974.844844,11.895338161424148,0.00020042113164163983,5,0
2024-03-03 16:00:00,6963287608.633174,9.93341282310117,0.0004635302399667804,2,0
2024-03-03 20:00:00,6687696156.240216,10.787901536129134,0.002322177749177033,3,0
2024-03-04 00:00:00,8875921173.287079,11.69719223013158,0.001643478368729371,7,0
2024-03-04 04:00:00,9062321331.913027,14.64505566434233,0.004190309538682376,5,0
2024-03-04 08:00:00,9049751909.182777,14.071013743238494,0.0014034334383200408,3,0
2024-03-04 12:00:00,7760242941.822491,11.756044295927273,0.0004995481228836644,1,0
2024-03-04 16:00:00,5764801064.220997,11.3466032990639,0.000893155023299958,3,0
2024-03-04 20:00:00,6404057345.272554,9.965091730929405,0.0010817972204129243,4,0
2024-03-05 00:00:00,7696346935.378496,12.371047686004621,8.170455545483111e-05,1,0
2024-03-05 04:00:00,9445798160.6456,13.881697097772141,0.0007863528863524106,3,0
2024-03-05 08:00:00,9522343036.365969,14.382921452268281,0.0012355351233568276,3,0
2024-03-05 12:00:00,8750468335.686306,12.780755598363365,0.00018310743031294468,4,0
2024-03-05 16:00:00,6994528889.219357,10.283951266964054,0.0015170033059741118,1,0
2024-03-05 20:00:00,6383597891.679925,9.891240257258016,0.0008765239671469429,2,0
2024-03-06 00:00:00,7640634131.460598,12.229986071469483,0.003041185511110514,3,0
2024-03-06 04:00:00,2300821982.304422,44.95490654629611,0.0833788878382049,51,1
2024-03-06 08:00:00,8857547363.246866,14.738744431332215,0.000308328602809438,1,0
2024-03-06 12:00:00,8732583506.341726,12.06826766554135,0.0009201829951622438,1,0
2024-03-06 16:00:00,7086135402.23347,10.085288416775137,0.00035177256910463525,3,0
2024-03-06 20:00:00,6426689093.102987,10.36028934536354,0.001253247660188759,0,0
2024-03-07 00:00:00,7314746188.3636465,11.326436855235148,0.0014229802649098479,3,0
2024-03-07 04:00:00,9927189595.721247,13.246243788313528,0.00010815994603859408,1,0
2024-03-07 08:00:00,9339824707.954046,14.332257761541081,0.0007212472435450759,1,0
2024-03-07 12:00:00,8495126524.789405,11.671552860514327,0.0007110882749898156,7,0
2024-03-07 16:00:00,5976588290.427134,9.74449370109013,0.0004608944761872568,3,0
2024-03-07 20:00:00,6374609344.763343,10.536275568694707,0.0027019418337671753,2,0
2024-03-08 00:00:00,8002097479.887236,12.592852077331452,0.0017573946801280817,4,0
2024-03-08 04:00:00,3438539489.3695235,38.96676072636181,0.08175839399330793,35,1
2024-03-08 08:00:00,9205614457.463413,14.230074650471797,0.0012529062038255496,0,0
2024-03-08 12:00:00,8249139972.9390545,11.621602455715339,0.0006193692442292758,3,0
2024-03-08 16:00:00,6187311182.191861,9.557043859060201,0.0025382380757120377,3,0
2024-03-08 20:00:00,6557407559.936408,11.0186160184089,0.001186117913334209,7,0
2024-03-09 00:00:00,8048118252.684687,11.838660080578842,0.0013055665773552831,3,0
2024-03-09 04:00:00,9591416179.678593,13.606634299341342,0.001978264270871572,2,0
2024-03-09 08:00:00,9670286597.290684,14.396147878493439,0.0003203038769287745,4,0
2024-03-09 12:00:00,7550143163.264851,12.278115004700329,0.0016454325351245992,2,0
2024-03-09 16:00:00,6000713685.650667,10.495893078471948,0.00021721193189903326,2,0
2024-03-09 20:00:00,7125430082.704311,11.350450364881677,0.0004236422441660145,3,0
2024-03-10 00:00:00,8132925604.79173,11.678240884809796,0.00040888663627022787,0,0
2024-03-10 04:00:00,9086246031.432455,14.195970871609463,0.0038408876222526156,0,0
2024-03-10 08:00:00,10006101436.264109,13.760557370017418,0.0019416796763724424,3,0
2024-03-10 12:00:00,1286961593.7215338,45.08481123059758,0.11341061858534389,44,1
2024-03-10 16:00:00,7086078227.570417,11.032183405637374,0.0012984914234202144,6,0
2024-03-10 20:00:00,6641366746.508935,10.521867070575926,0.000825702579684131,4,0
2024-03-11 00:00:00,8824299169.952835,12.269148039524868,0.0029391755305092017,2,0
2024-03-11 04:00:00,10087776983.032341,14.268304476223724,0.0006856925413210558,2,0
2024-03-11 08:00:00,9286054986.663488,13.549574442797454,0.00047887116568217085,8,0
2024-03-11 12:00:00,8388628380.38181,11.58039516633058,0.00017797342794015174,4,0
2024-03-11 16:00:00,6872509733.778963,9.745544595420613,0.0015427407178831198,3,0
2024-03-11 20:00:00,7161811976.957813,9.284770897743092,0.0013259292819722023,1,0
2024-03-12 00:00:00,7614030615.767965,13.028103564970168,0.00048508484284908425,2,0
2024-03-12 04:00:00,9660061230.054508,13.180446624708074,2.5516200954391078e-05,1,0
2024-03-12 08:00:00,9809010440.79497,13.621423995776032,0.0018263343161106416,3,0
2024-03-12 12:00:00,7296504205.430765,11.861593350055553,1.1483669104263556e-05,4,0
2024-03-12 16:00:00,6141055948.878612,10.421652541335702,0.0012163820806602378,0,0
2024-03-12 20:00:00,5798666482.840862,10.675817798700777,0.003515165157939812,2,0
2024-03-13 00:00:00,7892237266.222148,12.430236744179837,0.0005756509916369589,5,0
2024-03-13 04:00:00,9672657548.373499,13.440512088284425,0.0002678446810487069,5,0
2024-03-13 08:00:00,9986583466.893564,13.648489950675735,0.0012203427641197982,3,0
2024-03-13 12:00:00,8029637912.167955,12.141289975244206,0.0016989696010093255,1,0
2024-03-13 16:00:00,7265805572.173455,10.143603629339399,0.0007906063631889005,3,0
2024-03-13 20:00:00,6062318770.658929,11.071621980441101,0.003412317236403083,2,0
2024-03-14 00:00:00,7318647024.257967,12.24548747581916,5.305138804256164e-05,5,0
2024-03-14 04:00:00,9363421566.49645,14.09948970059378,0.0007027846689285737,1,0
2024-03-14 08:00:00,9539266825.630802,14.063491441902555,0.001267459247349778,3,0
2024-03-14 12:00:00,7986922100.762443,12.586736928742763,0.001985153492430679,3,0
2024-03-14 16:00:00,5787382513.928961,10.358459971782993,0.00019754356015995488,4,0
2024-03-14 20:00:00,6578711338.139752,9.61953321845316,0.0016094553214040426,2,0
2024-03-15 00:00:00,7478212199.798052,12.199843975876314,0.0008045415873998298,2,0
2024-03-15 04:00:00,9653509665.587095,13.406372360672936,0.0005050981935027793,1,0
2024-03-15 08:00:00,9532279944.493835,13.467742466693991,0.00014123531011449273,0,0
2024-03-15 12:00:00,7624048085.4691725,12.293182009377691,0.002004673710604255,2,0
2024-03-15 16:00:00,6408812587.010251,10.887090728147978,0.000171112463876311,2,0
2024-03-15 20:00:00,6190673945.189315,10.27858498079915,0.0003707562782224325,1,0
2024-03-16 00:00:00,7974928361.090691,12.15441650629943,0.0003425544405277208,5,0
2024-03-16 04:00:00,9767697574.255604,14.583158279886504,0.0020511576037003103,7,0
2024-03-16 08:00:00,8991350227.520895,13.852427397313175,0.0011168872457261293,2,0
2024-03-16 12:00:00,8201618606.207105,13.300841557090157,0.0015929810583106409,2,0
2024-03-16 16:00:00,6402256306.595969,10.550704015246954,0.00028830613219322626,2,0
2024-03-16 20:00:00,6297210221.039941,9.38756781285319,0.0009804935749765662,1,0
2024-03-17 00:00:00,7957187856.018102,12.376670810552172,0.0008480387621225359,2,0
2024-03-17 04:00:00,1133616147.3878849,35.83500445511917,0.15185131790283718,64,1
2024-03-17 08:00:00,9164180923.916258,14.376927184610285,0.0023653871012100742,5,0
2024-03-17 12:00:00,7520848842.964462,12.33659067563498,1.2231269408971249e-05,0,0
2024-03-17 16:00:00,7400249407.111427,10.198721200439202,0.001120919000889536,3,0
2024-03-17 20:00:00,6628464774.733553,9.655800074286395,5.3227584046222745e-05,2,0
2024-03-18 00:00:00,7720109796.802947,11.895488371356965,0.0007959746073698896,5,0
2024-03-18 04:00:00,3840056251.485149,44.47125792542184,0.2474661552588847,52,1
2024-03-18 08:00:00,9340709426.17877,13.441789082666515,0.0003664029645294619,5,0
2024-03-18 12:00:00,7911612160.186747,12.294289202210349,0.00043534484967911716,6,0
2024-03-18 16:00:00,6860026033.962259,11.102901444606815,0.0009709910051382612,3,0
2024-03-18 20:00:00,6917362437.963766,10.465284957342547,0.000406540634782834,5,0
2024-03-19 00:00:00,7787799540.955735,11.40205846898234,0.0013193801039927686,2,0
2024-03-19 04:00:00,9155313349.797186,13.954352141678893,0.0005183998787738292,0,0
2024-03-19 08:00:00,9275619967.194462,14.330366550891723,7.080150641358879e-05,6,0
2024-03-19 12:00:00,7079231534.105746,11.695108547840285,0.0015313656485833336,5,0
2024-03-19 16:00:00,6008282929.065485,10.200940609094673,0.00033653389295171384,3,0
2024-03-19 20:00:00,7161109060.922728,10.275293289795744,0.0005669849126609429,6,0
2024-03-20 00:00:00,8657987085.400425,11.60755084345877,0.001156592787031826,3,0
2024-03-20 04:00:00,9286026230.232534,14.056191024490786,0.0004041502086904978,1,0
2024-03-20 08:00:00,9616263431.277443,13.67157673326503,5.824970382389809e-05,0,0
2024-03-20 12:00:00,8124500061.817429,12.209766221953531,0.00046827879285214736,2,0
2024-03-20 16:00:00,7845911677.327019,9.824203103530103,0.002890446249168032,2,0
2024-03-20 20:00:00,7062189318.518731,10.04922004226942,0.0010264806606711122,4,0
2024-03-21 00:00:00,7948832963.407572,12.361190678913733,0.0011131549686950416,5,0
2024-03-21 04:00:00,9003424469.8149,13.545634231522952,0.0010004393567361386,1,0
2024-03-21 08:00:00,8743062117.952078,14.595532733185589,0.0002218845179287726,4,0
2024-03-21 12:00:00,8081385454.346938,11.800181907192759,0.0005418586455108922,3,0
2024-03-21 16:00:00,6311819055.831174,10.38029155530706,0.001390060638098674,2,0
2024-03-21 20:00:00,6045457870.105814,10.734244608367648,0.00010688712205436364,3,0
2024-03-22 00:00:00,7741370846.303014,11.290817133533515,0.00032552624964329505,2,0
2024-03-22 04:00:00,8953021444.609291,12.851646401578426,0.000323404741308102,3,0
2024-03-22 08:00:00,10060497300.084152,12.969222650283859,0.000565667184045981,5,0
2024-03-22 12:00:00,8352655902.779863,12.631292051713695,0.003930632133279656,2,0
2024-03-22 16:00:00,6611170297.418265,9.992020119484918,6.988885849612299e-05,5,0
2024-03-22 20:00:00,7206337009.500922,11.547048835265265,0.0007312665687059473,1,0
2024-03-23 00:00:00,8030947323.058948,11.71787620067118,0.0001976764606755113,0,0
2024-03-23 04:00:00,9041126965.523773,13.824326459167366,0.003529367585225774,4,0
2024-03-23 08:00:00,9994890276.962961,14.50310578385281,0.0001202525251555425,6,0
2024-03-23 12:00:00,8215564017.4738,13.003046444079482,0.0005168453767797387,4,0
2024-03-23 16:00:00,6199460892.214347,11.298700980749361,0.0013389718823677082,3,0
2024-03-23 20:00:00,6538223882.711452,10.87213230772769,0.001219270648703156,5,0
2024-03-24 00:00:00,7649752698.645963,12.512031262905563,0.0005494428230199096,2,0
2024-03-24 04:00:00,8832520753.669327,14.028314282169418,0.00042544972893182045,2,0
2024-03-24 08:00:00,9756111665.067772,14.121231345652212,0.0005068541514341259,2,0
2024-03-24 12:00:00,8763766656.188023,11.724407141835696,0.0003069005882700394,4,0
2024-03-24 16:00:00,6054932324.417199,9.858849750719916,0.0002298320428713375,3,0
2024-03-24 20:00:00,6839547048.621106,10.26626196372562,0.0006597891918683802,5,0
2024-03-25 00:00:00,3429528247.211389,41.52283829701201,0.08273281303169437,54,1
2024-03-25 04:00:00,9190790492.549166,13.505436782905168,0.0003389215646337138,2,0
2024-03-25 08:00:00,9148683076.359585,14.080244531297271,0.0010693138993831842,3,0
2024-03-25 12:00:00,7654403692.128078,12.477652604285261,0.0034589535693063155,3,0
2024-03-25 16:00:00,6633768005.122804,10.312152635577014,0.0009254253269426674,4,0
2024-03-25 20:00:00,6281979307.380445,11.006714232958707,8.010379885994509e-05,1,0
2024-03-26 00:00:00,8108182730.3119135,11.42915544293322,7.859267448855108e-05,0,0
2024-03-26 04:00:00,9365545402.275372,13.635221077928925,0.0030246096574324303,1,0
2024-03-26 08:00:00,9290061427.308586,13.373639647267533,0.00035281211471835947,4,0
2024-03-26 12:00:00,7636974535.1834,11.06673169146352,9.658467632080677e-05,3,0
2024-03-26 16:00:00,6383650821.717557,10.226608849509763,0.0009139050477588241,4,0
2024-03-26 20:00:00,1912360383.322395,22.404554745518226,0.2563271006057456,59,1
2024-03-27 00:00:00,8200366875.049696,12.756724871620994,0.0010455592808231318,5,0
2024-03-27 04:00:00,8994618548.135681,14.047456649846266,0.00031115819666956596,3,0
2024-03-27 08:00:00,9425373568.226856,13.219957395404354,1.5226013884891114e-05,4,0
2024-03-27 12:00:00,8300554849.348789,12.927046283167186,0.003352846441207963,4,0
2024-03-27 16:00:00,5946597241.496359,10.87846604019381,0.00028887350951926585,4,0
2024-03-27 20:00:00,6831703430.89689,10.558998044165453,0.0011270929024461609,1,0
2024-03-28 00:00:00,7734950496.421571,11.886757950574971,0.0012263202244500763,4,0
2024-03-28 04:00:00,9613880113.492348,13.252331189207116,0.0009416275581918198,3,0
2024-03-28 08:00:00,9080336983.438086,13.54594741953334,0.00037528619848408926,2,0
2024-03-28 12:00:00,7278047159.734301,12.544374309852229,0.00031621359103256596,5,0
2024-03-28 16:00:00,5963342378.79166,11.21024234539846,0.0009104783632203589,4,0
2024-03-28 20:00:00,6633593332.609451,11.039570956567218,0.0020106294174939902,3,0
2024-03-29 00:00:00,8103889000.688649,11.755575289106934,0.0029324519609425634,4,0
2024-03-29 04:00:00,9023913996.013304,13.172242090924327,0.00011194414515742713,4,0
2024-03-29 08:00:00,9641077629.56606,13.80249393102449,0.00016821584686309702,3,0
2024-03-29 12:00:00,7335391975.092559,11.115780317218752,0.0028956382596989193,1,0
2024-03-29 16:00:00,6587927434.486016,10.429533049523569,0.0013338356138087226,2,0
2024-03-29 20:00:00,999577153.1391051,25.709960527853493,0.24018982709673753,47,1
2024-03-30 00:00:00,7739265556.879158,11.766981749065906,0.00022643977054999208,4,0
2024-03-30 04:00:00,9404600114.581705,12.934699273935527,0.000885727267264709,1,0
2024-03-30 08:00:00,9041475299.941545,13.988850860853766,0.0012077786855710813,5,0
2024-03-30 12:00:00,2994428974.995862,44.226320730054425,0.16247819527137636,50,1
2024-03-30 16:00:00,7016876477.630735,9.682990774576055,0.0005245049115039435,4,0
2024-03-30 20:00:00,6383602606.135605,8.831818085790257,1.5514623464414973e-05,1,0
2024-03-31 00:00:00,8334276844.826044,11.986242547474665,0.0008744917510906712,6,0
2024-03-31 04:00:00,8933757904.192076,14.618176605903775,0.0002918260323785145,4,0
2024-03-31 08:00:00,9597562317.221258,14.562680414842864,0.0005982993733477004,1,0
2024-03-31 12:00:00,8576627448.263189,11.771451871706901,0.0031601592595005435,3,0
2024-03-31 16:00:00,5625701553.89397,9.966843162250218,0.0005092191109697121,3,0
2024-03-31 20:00:00,6295601251.756657,10.50233632046857,0.001831342273514442,4,0
2024-04-01 00:00:00,8230828850.8721695,11.500807280405796,0.00020892093117129654,2,0
2024-04-01 04:00:00,9304422491.637909,13.882946757478615,0.0011161466144629726,4,0
2024-04-01 08:00:00,1061478722.4333702,63.31452179193229,0.24706880204270742,45,1
2024-04-01 12:00:00,7758405925.313736,12.613466611942235,0.00010746617642062762,3,0
2024-04-01 16:00:00,6648995268.934062,10.217872154191152,8.354746125244857e-06,2,0
2024-04-01 20:00:00,6552088459.787998,10.166112317342556,0.0005684243568250688,4,0
2024-04-02 00:00:00,8467112824.663842,11.561008706621617,9.719999573860999e-05,3,0
2024-04-02 04:00:00,9487408983.375574,13.31861063054893,0.001379852552895761,1,0
2024-04-02 08:00:00,9520681710.885168,13.618811361618096,0.002459808232896316,1,0
2024-04-02 12:00:00,7835249213.55093,12.183682753407986,0.0005691982557212377,2,0
2024-04-02 16:00:00,6419316864.315922,10.724741505547774,0.00029936558249531924,2,0
2024-04-02 20:00:00,6441336078.817056,9.866359717090958,0.0005698740325333454,1,0
2024-04-03 00:00:00,8157780856.951202,12.746344284479616,0.0012853557519560594,6,0
2024-04-03 04:00:00,9217246853.726965,13.596489007047555,9.095399607228611e-06,2,0
2024-04-03 08:00:00,9501550588.813671,13.721367160394664,0.000890267272289478,5,0
2024-04-03 12:00:00,8830160319.458126,11.626394160426027,0.0009500845778521457,7,0
2024-04-03 16:00:00,6962809235.317614,9.0558290622947,0.0010152502413531678,5,0
2024-04-03 20:00:00,6483949941.07775,10.709971890611632,0.0002771010230264016,4,0
2024-04-04 00:00:00,1238187992.8994937,50.518351794042545,0.1603868222199576,65,1
2024-04-04 04:00:00,9222410496.846434,13.591387029009711,9.5840955605836e-05,4,0
2024-04-04 08:00:00,8570390831.983981,13.76554616618134,0.00022223188758939842,1,0
2024-04-04 12:00:00,7596765475.633024,12.257969608852031,0.002099399761780521,2,0
2024-04-04 16:00:00,5866042585.534521,9.486676263987807,0.0013421747086453293,4,0
2024-04-04 20:00:00,6473753960.328345,10.003422853757938,1.3840898858926484e-05,1,0
2024-04-05 00:00:00,8007367351.6758175,12.39713233981091,0.0002855194264836808,4,0
2024-04-05 04:00:00,10056215570.965149,13.104906095984171,0.00024131577425847266,6,0
2024-04-05 08:00:00,9516411595.560804,13.878829773652239,0.0003158159142692778,3,0
2024-04-05 12:00:00,7912359788.476475,11.321709097688322,0.0002844337144571225,1,0
2024-04-05 16:00:00,6946121586.418276,10.501164183647864,6.45665703233147e-05,2,0
2024-04-05 20:00:00,5729905230.341698,10.250128451282324,0.0006142260553421354,4,0
2024-04-06 00:00:00,8094245823.243389,11.192434092047199,0.0013195088966992704,3,0
2024-04-06 04:00:00,9693986723.609898,14.314420484797473,0.0009332632656949174,1,0
2024-04-06 08:00:00,8794206147.74322,13.364755019169921,0.001117402734303147,7,0
2024-04-06 12:00:00,8457501617.282827,11.594873781492879,8.463149682819495e-05,2,0
2024-04-06 16:00:00,6749757916.942664,10.368233791046595,0.003025999956634014,5,0
2024-04-06 20:00:00,6448244188.384604,10.842267867145514,0.0018231995731582892,6,0
2024-04-07 00:00:00,8253112746.442442,11.49208909051071,0.0016352189994881976,1,0
2024-04-07 04:00:00,10293917789.176851,13.762890732492853,0.001731514053654731,0,0
2024-04-07 08:00:00,9458387148.078571,13.946459057734254,0.002698751193196384,2,0
2024-04-07 12:00:00,1592340240.1474903,43.573077767577466,0.14498998806493812,49,1
2024-04-07 16:00:00,6430614994.1288185,10.356169970069757,0.00022349613579934706,5,0
2024-04-07 20:00:00,6274421606.158992,10.084435272889474,0.0009591554567975783,0,0
2024-04-08 00:00:00,8332134326.617774,11.586204889675734,0.0013582181862348355,0,0
2024-04-08 04:00:00,9043207115.69153,13.775122749092032,0.0013390955323734006,3,0
2024-04-08 08:00:00,9414267140.942856,13.195981301576072,0.0007369925411967152,4,0
2024-04-08 12:00:00,7808937021.294077,10.539324758252851,7.091477358703707e-05,3,0
2024-04-08 16:00:00,6805951284.243489,10.48622909451,0.00046380359075629446,4,0
2024-04-08 20:00:00,6747824196.05967,10.719916612974211,0.0025353574587032666,3,0
2024-04-09 00:00:00,8415015977.7032,10.818533782229132,0.0008781497113730818,5,0
2024-04-09 04:00:00,9181634086.51316,13.227185455213855,0.0007729091380348863,6,0
2024-04-09 08:00:00,9277690671.93777,14.041627938071494,0.00031314144858586384,3,0
2024-04-09 12:00:00,7608494513.687235,13.028747734856047,0.0004595764535531472,4,0
2024-04-09 16:00:00,6436642049.914505,10.278346046268892,0.0022570964600590058,1,0
2024-04-09 20:00:00,6765279551.162815,9.903947721816525,0.0010980016177460652,3,0
2024-04-10 00:00:00,8302795446.658148,11.908551779447587,0.0015482817930749604,3,0
2024-04-10 04:00:00,9016774516.38408,14.419489017143007,0.0006057691464212985,2,0
2024-04-10 08:00:00,9733483014.097399,13.40906871800665,0.0009949206573550218,4,0
2024-04-10 12:00:00,8542255143.521991,11.600403996674887,0.0002855292031963382,3,0
2024-04-10 16:00:00,6779733315.2344475,10.026577431340192,0.0012223432806039844,5,0
2024-04-10 20:00:00,7365077678.968083,9.791284888301716,0.0005579195613223623,3,0
2024-04-11 00:00:00,7690484320.358542,12.061335157997362,0.0005843744199039752,3,0
2024-04-11 04:00:00,8887778764.730549,14.544390036803675,0.0010478877810532036,2,0
2024-04-11 08:00:00,8674152546.49344,13.893590444126955,0.0027532665471097385,0,0
2024-04-11 12:00:00,8598417724.595718,11.873823248936914,6.614658309229908e-05,4,0
2024-04-11 16:00:00,1820098741.525649,30.35449782312006,0.21735301606341084,44,1
2024-04-11 20:00:00,6592125485.580657,9.48635378808272,0.0003458524481461356,2,0
2024-04-12 00:00:00,8111987450.527865,12.441554888573501,0.0005868421292278964,4,0
2024-04-12 04:00:00,8935445027.135746,13.69313220906247,2.2156991989469395e-05,6,0
2024-04-12 08:00:00,10363941437.90181,13.641810850773535,0.0003581704585696388,4,0
2024-04-12 12:00:00,3746308813.68799,59.735196155871016,0.2803644340541326,77,1
2024-04-12 16:00:00,6658117271.786868,10.417325646613982,5.781565284795499e-05,2,0
2024-04-12 20:00:00,6904666003.504299,9.892053667383435,0.0006754953535639747,1,0
2024-04-13 00:00:00,8192403692.694588,11.786821201897107,0.0026188124511245785,1,0
2024-04-13 04:00:00,9475194255.766733,14.306273662167227,0.00011137100709082458,1,0
2024-04-13 08:00:00,9069450863.87697,13.788686012837752,0.0014457927117388011,4,0
2024-04-13 12:00:00,8188587342.854331,11.280861010841233,0.0005270753607973251,3,0
2024-04-13 16:00:00,7367169152.534942,10.727563659718763,0.001064714509120123,4,0
2024-04-13 20:00:00,7152527372.406887,9.933877149661622,0.00030142487091456524,4,0
2024-04-14 00:00:00,8637274650.655628,12.936648888108607,0.00017374912039518328,2,0
2024-04-14 04:00:00,9181154375.48259,14.272074840426153,0.00017490427012821895,6,0
2024-04-14 08:00:00,8989798717.951681,13.508389859739516,7.309980660067168e-05,3,0
2024-04-14 12:00:00,7949685231.960108,12.640508180867515,0.0002053609836776891,1,0
2024-04-14 16:00:00,6636649318.860423,10.301876947694884,0.0010912972637863322,3,0
2024-04-14 20:00:00,7052035961.333258,10.694336029992208,0.002134452152258195,2,0
2024-04-15 00:00:00,7323014148.114087,12.242366408647257,0.0016826845626614075,2,0
2024-04-15 04:00:00,9997460773.83929,13.30887248007337,0.0011556091116364572,3,0
2024-04-15 08:00:00,9322437486.623535,13.410275891410182,0.00011701917381063148,3,0
2024-04-15 12:00:00,7829247572.021034,12.514980408790583,0.00034134652148442966,3,0
2024-04-15 16:00:00,6209517603.840805,10.100561526377819,0.0003707838297159636,3,0
2024-04-15 20:00:00,5952416685.198554,10.066124960810079,0.0002876246692962019,6,0
2024-04-16 00:00:00,8329268233.584746,11.5224387103253,0.0007236180576173268,6,0
2024-04-16 04:00:00,9414967832.930391,13.943850340365517,0.000766909582939844,3,0
2024-04-16 08:00:00,8869656286.158726,14.763313267190506,0.00044143323791725775,3,0
2024-04-16 12:00:00,7481968491.17459,11.466233542872908,0.0004366294487848321,3,0
2024-04-16 16:00:00,6480045474.228838,10.28005892076749,0.0017634962509770875,2,0
2024-04-16 20:00:00,7281967964.060692,10.974059470138885,0.0015572860162690783,3,0
2024-04-17 00:00:00,7896163459.454505,11.960179304377075,0.0003678743259567037,3,0
2024-04-17 04:00:00,8784383464.807861,13.958236705693745,0.002450951048502833,3,0
2024-04-17 08:00:00,2483248015.7904296,46.54115113329777,0.16918846887708205,45,1
2024-04-17 12:00:00,7890910572.101003,12.214153548603914,0.0003956274697877902,4,0
2024-04-17 16:00:00,5535604696.768278,10.174377059928858,0.0004376138071241865,1,0
2024-04-17 20:00:00,6592641407.337792,10.760814190271077,0.0007044794557708601,4,0
2024-04-18 00:00:00,7907626187.916441,12.593693025782265,0.002832267604481353,2,0
2024-04-18 04:00:00,9664123191.980453,15.026832628578164,0.0020900531108927873,2,0
2024-04-18 08:00:00,10125223084.03332,14.021867394175766,0.00010821788581405427,5,0
2024-04-18 12:00:00,8450626011.819208,12.162898158291215,0.0004987830002340476,4,0
2024-04-18 16:00:00,6506803877.722991,10.365141343219822,0.0008060274314681736,1,0
2024-04-18 20:00:00,6171748990.448233,10.091366046025781,0.0006994318327840682,1,0
2024-04-19 00:00:00,3091701543.671747,27.610736043114755,0.28980885883095553,55,1
2024-04-19 04:00:00,9409328019.660864,13.584350102499322,0.001957696736955853,3,0
2024-04-19 08:00:00,9391212362.820377,13.816281295703806,0.0011299196381880567,1,0
2024-04-19 12:00:00,7990349965.155956,12.658798767803926,0.001819593516299441,1,0
2024-04-19 16:00:00,6693593258.252083,9.764677909791354,0.0019573250068054284,5,0
2024-04-19 20:00:00,6556615189.175306,10.837888472995626,0.0013797393071697513,4,0
2024-04-20 00:00:00,7770535197.247749,12.658557533669738,0.0005784098472380772,4,0
2024-04-20 04:00:00,9166897069.558985,13.673016544073388,0.0009430114594270498,1,0
2024-04-20 08:00:00,9372539337.968727,12.671123358064609,0.00017478848907330342,0,0
2024-04-20 12:00:00,7782630091.546667,11.696089006453,0.0011197708122495569,4,0
2024-04-20 16:00:00,6329221040.8740015,10.916446465711639,0.00019754068939390216,2,0
2024-04-20 20:00:00,6656931445.021625,10.25651516128164,0.0011840054537024763,4,0
2024-04-21 00:00:00,1792074747.5737884,32.727562385138384,0.18271475857211894,34,1
2024-04-21 04:00:00,9987237841.488108,13.479663346954682,0.00012505462234616282,1,0
2024-04-21 08:00:00,8325252722.697847,14.152360820821091,0.0001806643189430485,4,0
2024-04-21 12:00:00,8436602740.7690115,12.273366784100723,1.994122159710626e-06,2,0
2024-04-21 16:00:00,7112793430.944027,10.148483142846372,0.001268474411846264,1,0
2024-04-21 20:00:00,5785003260.981589,10.084536986523718,0.0013182658709838012,1,0
2024-04-22 00:00:00,7862924962.367817,11.804120925478035,0.0007234689746270512,3,0
2024-04-22 04:00:00,9237064299.65679,13.270845715319632,0.00017597708684075492,4,0
2024-04-22 08:00:00,8822635968.168032,14.53973865230367,8.72525015240209e-05,2,0
2024-04-22 12:00:00,7688873324.963529,11.838839765394178,1.9314292317149665e-05,2,0
2024-04-22 16:00:00,2475421684.8305206,48.22095632861067,0.058206374704810035,49,1
2024-04-22 20:00:00,7315267531.314281,11.028607218392265,0.0022150829071496347,3,0
2024-04-23 00:00:00,8374271357.258906,12.499155449073882,0.00027646105316183543,1,0
2024-04-23 04:00:00,9894262684.052753,13.516240651209838,0.0004373758746010938,1,0
2024-04-23 08:00:00,9674309471.67238,13.933915852737162,0.00011131765141096673,3,0
2024-04-23 12:00:00,7548379291.513204,11.987902196804662,0.000251493264661683,2,0
2024-04-23 16:00:00,6404551247.4331,9.816098262066198,0.0007323550010191644,3,0
2024-04-23 20:00:00,6810109178.436072,10.430128833291933,0.0009358627276617399,2,0
2024-04-24 00:00:00,7511148876.4431095,11.410480104419959,0.00028150427992378697,6,0
2024-04-24 04:00:00,9670840018.124027,14.325890501799623,5.946571278768153e-05,7,0
2024-04-24 08:00:00,9289510486.79185,13.499742158919682,0.0004959909850233758,4,0
2024-04-24 12:00:00,7850071676.980109,12.100579827936356,0.00026683864178505585,2,0
2024-04-24 16:00:00,6898743341.226333,10.409593128204241,0.000247889629472023,2,0
2024-04-24 20:00:00,6792064678.539213,10.138496705578959,0.003215451761506007,0,0
2024-04-25 00:00:00,7855613533.672402,12.29334690073768,0.0009578955481509968,5,0
2024-04-25 04:00:00,9849372567.400755,13.494598979257558,0.0008139111519309452,2,0
2024-04-25 08:00:00,8953215315.015162,14.167699456297521,0.0005374692735779751,4,0
2024-04-25 12:00:00,8246374242.77787,11.327010159876831,0.000560268584463472,4,0
2024-04-25 16:00:00,6851599857.1322155,10.331138982204283,0.0007784981270198164,4,0
2024-04-25 20:00:00,6490540778.2192745,11.23741369196023,0.0011921424169238051,5,0
2024-04-26 00:00:00,8130453208.896665,11.499834337696985,0.0012111521683350458,3,0
2024-04-26 04:00:00,8885195215.501009,13.393178322306486,0.0001883725162262277,3,0
2024-04-26 08:00:00,3691509703.3249044,42.35067185057591,0.07699061202770889,37,1
2024-04-26 12:00:00,7926039145.422822,12.08979089096982,0.0005309570666740723,4,0
2024-04-26 16:00:00,6405270145.737354,10.443264242067993,0.0020442826532666184,3,0
2024-04-26 20:00:00,7033963044.2797,10.512542757505011,0.00099809456772371,4,0
2024-04-27 00:00:00,2594651718.2506037,28.216018505221058,0.18700537430728376,54,1
2024-04-27 04:00:00,8822256127.509598,14.286900728546888,0.00012261365679360687,3,0
2024-04-27 08:00:00,8762988976.645594,13.9369601360332,0.0009304857291327357,4,0
2024-04-27 12:00:00,8242403980.538307,11.879371172690792,0.00012466102880534773,3,0
2024-04-27 16:00:00,6102187612.946383,10.604236043032486,0.0004112919143687304,1,0
2024-04-27 20:00:00,7316277026.738582,11.217890159878653,0.00015413297226742526,3,0
2024-04-28 00:00:00,7167228236.846623,11.933683126808853,0.0011778946383162886,2,0
2024-04-28 04:00:00,10064223193.37111,13.244786155233546,0.00023098939187944642,2,0
2024-04-28 08:00:00,9470047632.93622,14.285591142212452,0.0004973491296616848,4,0
2024-04-28 12:00:00,7961314755.251929,11.939809418023309,0.00226024212088713,4,0
2024-04-28 16:00:00,6396391719.221334,9.181614419424125,0.00022855363873015356,1,0
2024-04-28 20:00:00,6774013799.685739,10.691660031006348,0.000708880429494969,7,0
2024-04-29 00:00:00,7984946119.029957,11.73233590702291,0.0005434722066342405,3,0
2024-04-29 04:00:00,9826961398.861776,13.68678416641688,1.829029331656515e-05,2,0
2024-04-29 08:00:00,9431331705.519915,13.89804097285338,0.0015738686344559244,6,0
2024-04-29 12:00:00,8060120704.584872,12.095249839889684,7.154531152937201e-05,0,0
2024-04-29 16:00:00,6468914469.059389,10.622675101000684,0.0006429390145675242,6,0
2024-04-29 20:00:00,1845893897.505153,20.767779392396992,0.2101775561818054,48,1
2024-04-30 00:00:00,8123120707.556868,12.256552899088096,0.000990008471064092,3,0
2024-04-30 04:00:00,8701573288.99241,13.602277468776867,0.0011667785960571895,5,0
2024-04-30 08:00:00,8846366477.212921,14.101456048012759,0.00029205479692199447,5,0
2024-04-30 12:00:00,8297305637.609059,12.307683742006493,1.0028898364548043e-05,2,0
2024-04-30 16:00:00,6682705529.196125,9.800229841408887,0.0012853407259893986,4,0
2024-04-30 20:00:00,6540766019.403804,10.81094025051861,0.0007671309128726943,3,0
2024-05-01 00:00:00,8007373573.226167,11.732018277442988,0.0018086068113128853,6,0
2024-05-01 04:00:00,9524673328.199802,14.13607970670949,0.0017225414553314461,1,0
2024-05-01 08:00:00,1675630421.1670706,55.13494489238089,0.15405425775807863,42,1
2024-05-01 12:00:00,7688678109.839265,12.919091838397799,0.0006637722009982694,5,0
2024-05-01 16:00:00,6692697455.983948,10.156216201245167,0.00040590779983698836,3,0
2024-05-01 20:00:00,6223010242.898846,10.093290794371974,0.0015680954258319292,2,0
2024-05-02 00:00:00,8163301102.285764,11.990290197056101,0.0006001927060322706,0,0
2024-05-02 04:00:00,8704607204.359888,13.580460916151646,0.00020265757471542902,1,0
2024-05-02 08:00:00,9797302900.985317,14.13202175853985,0.0019308423771734564,4,0
2024-05-02 12:00:00,8189038992.96526,11.191844695781759,0.002141826664834698,6,0
2024-05-02 16:00:00,6716771247.670533,9.74110798285805,0.0006279396760045076,2,0
2024-05-02 20:00:00,7007435747.523138,9.734047731641567,7.871828968795785e-05,4,0
2024-05-03 00:00:00,8666189777.784971,12.475153795986714,0.0004907388700351495,1,0
2024-05-03 04:00:00,9791388672.062351,14.587357493859837,0.0016272845172494385,1,0
2024-05-03 08:00:00,8649290953.52251,13.679826198300225,0.002320484623499767,9,0
2024-05-03 12:00:00,7488169213.305614,11.915589138404863,0.00022749392862008512,2,0
2024-05-03 16:00:00,6364431922.866637,10.302975273987727,6.932179560363473e-05,2,0
2024-05-03 20:00:00,6624795774.029158,10.848888343735124,0.002098424202804143,3,0
2024-05-04 00:00:00,8207063608.187554,11.536323432904595,0.000493321287444626,4,0
2024-05-04 04:00:00,9095343120.793695,13.851235298936245,0.0007803643189371356,2,0
2024-05-04 08:00:00,9460347351.845924,14.219649622460082,0.0034440781205292113,1,0
2024-05-04 12:00:00,7697846827.058783,12.25054708497006,6.888365735912735e-05,2,0
2024-05-04 16:00:00,6369752232.748056,10.362740000730415,0.0010450279419847498,1,0
2024-05-04 20:00:00,6051694915.205608,10.768472238714692,7.699489809012497e-05,0,0
2024-05-05 00:00:00,7630706701.55551,10.64838385350022,0.0004707541963972017,3,0
2024-05-05 04:00:00,8844966803.80853,14.070988467334285,0.001628694869122148,2,0
2024-05-05 08:00:00,8995291344.864178,13.405012966005177,0.00056822918427952,6,0
2024-05-05 12:00:00,8421456718.6431,11.084683551571727,0.005871853459960933,2,0
2024-05-05 16:00:00,1533257911.7204468,48.62063830466228,0.1487475676372581,46,1
2024-05-05 20:00:00,7667312179.8797455,10.954778465012465,0.00038737299089464745,2,0
2024-05-06 00:00:00,8197327160.352375,11.931275742686177,0.00024860409500367,6,0
2024-05-06 04:00:00,9459575095.532997,14.208488081170279,0.0004315840589003817,1,0
2024-05-06 08:00:00,9042297533.982643,14.538189936563233,0.0004660646352937562,4,0
2024-05-06 12:00:00,8280123951.763595,12.657457226792022,7.118850626264504e-05,4,0
2024-05-06 16:00:00,6384104223.44976,11.087931457116785,0.0004613598139707214,2,0
2024-05-06 20:00:00,2856038850.878752,38.975676459608486,0.09494945337376885,49,1
2024-05-07 00:00:00,9024033815.30732,12.03771681945055,0.001282791477852921,0,0
2024-05-07 04:00:00,9347216686.165262,12.931067901620317,0.001069236468375308,3,0
2024-05-07 08:00:00,9845349976.569416,13.609019563503958,0.0012336270274066667,4,0
2024-05-07 12:00:00,7718729429.949678,11.578376702341945,8.398853712116789e-06,2,0
2024-05-07 16:00:00,6600363957.746194,11.353420551180129,0.000245475308630343,4,0
2024-05-07 20:00:00,2912575909.0793715,39.27787680873116,0.25076891058443623,49,1
2024-05-08 00:00:00,7749213176.884843,12.06160240339218,0.0006616279094100245,2,0
2024-05-08 04:00:00,10110620069.253784,14.007793495589,5.327642385473204e-06,4,0
2024-05-08 08:00:00,9668741420.237263,13.753852030755066,0.001632167495491405,4,0
2024-05-08 12:00:00,7775013289.642361,12.84752552021546,0.0014819667289838773,2,0
2024-05-08 16:00:00,6867322449.567113,9.956624511563904,0.0007950008811622349,3,0
2024-05-08 20:00:00,7003381133.79552,10.365252920049658,6.877502997642789e-05,4,0
2024-05-09 00:00:00,8248723984.886976,11.628764707151097,0.0014546376559099793,4,0
2024-05-09 04:00:00,8757550758.098906,13.072039551958506,0.0008763817645917181,3,0
2024-05-09 08:00:00,9094785775.725233,13.426166262116332,0.0015230766420252808,3,0
2024-05-09 12:00:00,7900992545.7795,11.981481601475922,0.0013933068609070431,3,0
2024-05-09 16:00:00,6584585982.304903,10.053298080172521,0.001624562067851931,2,0
2024-05-09 20:00:00,921237981.0992141,25.304140991457658,0.2396009182585508,47,1
2024-05-10 00:00:00,8071080400.373182,11.296841268163934,0.00015120030768442407,4,0
2024-05-10 04:00:00,8851502902.57112,13.690498021254603,0.0011121762852941027,5,0
2024-05-10 08:00:00,9537719786.457493,12.979690620553383,0.0009688316069352843,5,0
2024-05-10 12:00:00,8244234298.113666,12.380027981844972,0.0013557775216283964,1,0
2024-05-10 16:00:00,6838275533.117354,10.309169068898425,0.00018618622226351217,5,0
2024-05-10 20:00:00,7046671644.166734,9.53917344269864,0.00021688219446083687,4,0
2024-05-11 00:00:00,8333568861.819591,11.845395461475103,0.0022110047441814586,2,0
2024-05-11 04:00:00,9569312677.746426,13.355972604773523,0.00138620555887121,2,0
2024-05-11 08:00:00,9357574361.471756,13.89163806277861,0.0023884533639455608,1,0
2024-05-11 12:00:00,7335615626.593592,12.670225223011558,0.0014217778026227807,3,0
2024-05-11 16:00:00,6786206641.59799,9.330362957608324,0.0009092041659771153,5,0
2024-05-11 20:00:00,6697434428.810113,10.325462232004792,0.0010617002105589256,1,0
2024-05-12 00:00:00,8108631534.878142,11.919933602216673,0.0021993782101996534,2,0
2024-05-12 04:00:00,8874941215.727003,14.06772084579414,0.0008646635352040355,3,0
2024-05-12 08:00:00,8953218029.891836,13.838649121687771,0.0010007362879314058,3,0
2024-05-12 12:00:00,8421261141.333366,11.624015334130847,0.00017016777335054288,3,0
2024-05-12 16:00:00,6598537292.402221,10.108422224597795,0.0006423043058166897,3,0
2024-05-12 20:00:00,6886959632.8939,9.869936264029318,0.0012601803008714285,5,0
2024-05-13 00:00:00,8011327350.452144,12.538003569299248,0.00031600294692998556,4,0
2024-05-13 04:00:00,9397543101.853315,13.742706631904744,0.00022596525423179264,3,0
2024-05-13 08:00:00,9760954168.445467,14.682646150445338,0.0003766252169752993,5,0
2024-05-13 12:00:00,7793582108.713109,11.969669593092762,0.00027641330813434566,4,0
2024-05-13 16:00:00,6652807664.721383,9.913745808976007,0.00024196027699254996,1,0
2024-05-13 20:00:00,6429449238.462908,9.511091996124742,0.0005531258681164362,3,0
2024-05-14 00:00:00,7826201509.0269985,11.098430161871933,0.002384212956768888,3,0
2024-05-14 04:00:00,9261971796.667637,12.93998283606612,0.0007073670995586322,1,0
2024-05-14 08:00:00,9474494154.70866,13.865614133074711,0.00020815689044425853,5,0
2024-05-14 12:00:00,7808500551.334519,12.254362511614856,8.00953508884464e-05,3,0
2024-05-14 16:00:00,7116661804.174325,9.477353841415079,0.0011912413448538467,2,0
2024-05-14 20:00:00,6256516433.057014,10.715468349469077,0.00048256015660982693,3,0
2024-05-15 00:00:00,7925251342.335347,11.758469474158144,0.0017250224411216057,3,0
2024-05-15 04:00:00,9209748222.745405,13.805447313561618,0.0010773717798567642,3,0
2024-05-15 08:00:00,9964431799.796595,14.53816112169659,0.0015908195672083229,1,0
2024-05-15 12:00:00,8078621910.604756,12.448419657932924,0.00031738011185437193,5,0
2024-05-15 16:00:00,7027097169.732297,10.133683868478137,0.0011788215082024153,1,0
2024-05-15 20:00:00,6020135204.730101,9.822353079723468,0.0003066093821336808,4,0
2024-05-16 00:00:00,8106820106.34756,10.924092299335166,0.002798004659351054,2,0
2024-05-16 04:00:00,9741492964.304432,13.372474147947612,0.0010116301863237578,3,0
2024-05-16 08:00:00,9418554241.765287,13.62648568815505,0.0003923195905358595,4,0
2024-05-16 12:00:00,8426192150.02612,11.506410236424383,0.0003140422865163482,3,0
2024-05-16 16:00:00,6407443973.904803,10.202320708885036,0.00021186561829269568,8,0
2024-05-16 20:00:00,7178098330.019013,10.30637513391036,0.0011862670107574804,2,0
2024-05-17 00:00:00,8919559249.447702,11.887572009095964,0.0002468160635375204,2,0
2024-05-17 04:00:00,9240505221.879177,13.40704951715707,0.0009046172971291463,1,0
2024-05-17 08:00:00,9207439637.494827,13.816378143552285,0.000307388341009099,1,0
2024-05-17 12:00:00,8581353790.847095,12.220970324784723,0.0010846175084116823,5,0
2024-05-17 16:00:00,7246188212.237163,9.722749653709673,0.0016870737152896345,2,0
2024-05-17 20:00:00,6405215343.083548,10.973415382304204,0.0015051916114338843,0,0
2024-05-18 00:00:00,7831925273.161444,11.950705933857602,0.00143066987412652,2,0
2024-05-18 04:00:00,9272926802.51091,13.741475619041317,0.0002079131323319335,5,0
2024-05-18 08:00:00,8847860441.641441,14.08615801919722,9.25374690050798e-05,4,0
2024-05-18 12:00:00,7632539221.406369,12.11660806563181,0.0012004750236571811,4,0
2024-05-18 16:00:00,6212703047.244068,10.744517509387741,0.000459415424719779,4,0
2024-05-18 20:00:00,6307240327.903277,10.411511275032073,0.0005662435996412855,4,0
2024-05-19 00:00:00,7986126045.045221,11.693781312679699,3.164454146130381e-05,1,0
2024-05-19 04:00:00,9479326539.069614,13.912802570171806,0.00030053289067824747,3,0
2024-05-19 08:00:00,10005840843.180712,13.16018770390852,3.425651522757978e-05,1,0
2024-05-19 12:00:00,7600658383.704567,12.054279852888365,0.0021135012239367895,4,0
2024-05-19 16:00:00,7008088313.335546,10.25133419710891,0.00027891618299494557,4,0
2024-05-19 20:00:00,6528763816.254617,10.163890763794756,0.0008149469038555039,3,0
2024-05-20 00:00:00,7980214516.139109,11.935731244280635,3.975935168054596e-05,3,0
2024-05-20 04:00:00,1067700795.5461972,38.45871619768836,0.29400503938112355,59,1
2024-05-20 08:00:00,8936551837.430267,13.457688353698504,0.0003901243994323304,4,0
2024-05-20 12:00:00,8152963898.4735565,12.046422450570477,0.0022819904946609674,2,0
2024-05-20 16:00:00,6680940237.230151,10.347877388429863,0.0021903122232037413,3,0
2024-05-20 20:00:00,6811339859.548155,9.75411162196814,0.00039347322654213594,4,0
2024-05-21 00:00:00,8115667457.562993,12.632853920432181,0.0023122405138111795,5,0
2024-05-21 04:00:00,10367760702.01951,13.29896338346169,0.005561677236148373,2,0
2024-05-21 08:00:00,9130544652.354588,14.216779407832261,0.0017453473539422617,2,0
2024-05-21 12:00:00,7787601217.999425,12.213597180936032,0.0018635004918520302,1,0
2024-05-21 16:00:00,6365103143.37504,9.944835537509283,0.0002863612599209348,2,0
2024-05-21 20:00:00,6392168506.280776,11.155604638735852,0.0008596797985106655,4,0
2024-05-22 00:00:00,7745045149.077405,11.403181584121777,6.96244072573011e-05,2,0
2024-05-22 04:00:00,9861247258.498064,14.191627894373806,9.972966184805468e-05,2,0
2024-05-22 08:00:00,9953842345.250982,14.23234196659029,0.006805751219889282,4,0
2024-05-22 12:00:00,7771701482.500215,11.664689895461683,0.0003954740594095893,3,0
2024-05-22 16:00:00,6281417124.703272,10.96418184246337,0.001379056267629112,4,0
2024-05-22 20:00:00,6802925576.499421,10.142925935131599,0.0016433311177315947,1,0
2024-05-23 00:00:00,7779110782.28759,12.144346814639903,0.0019520921151433253,3,0
2024-05-23 04:00:00,9638813373.157322,13.86221172695451,0.006044147186043234,6,0
2024-05-23 08:00:00,9466809854.395668,13.664896436833661,0.0002764078463965971,3,0
2024-05-23 12:00:00,7393702354.001328,12.405404136580168,4.1187505956942945e-05,1,0
2024-05-23 16:00:00,7233361434.476914,10.664693552707218,0.0005296543060913828,3,0
2024-05-23 20:00:00,7332710423.183051,9.393683205811964,0.00013935479557395639,6,0
2024-05-24 00:00:00,7754884523.80619,12.652170121439005,2.2681173282547916e-05,4,0
2024-05-24 04:00:00,9230560022.080708,12.900804813551039,0.0004469542425253329,4,0
2024-05-24 08:00:00,9499986802.345037,14.248323909739671,0.001531265804358061,1,0
2024-05-24 12:00:00,8133782715.994884,12.563352568413883,0.000835127170803246,5,0
2024-05-24 16:00:00,6877777063.014131,9.72246597732365,0.0003750978791544164,0,0
2024-05-24 20:00:00,7418441169.451456,10.062542048453853,0.0010623054479496664,5,0
2024-05-25 00:00:00,7929221109.00229,11.447147665756919,0.00026398921839175494,2,0
2024-05-25 04:00:00,9066321748.239702,13.624590292424488,1.4485861372039345e-05,0,0
2024-05-25 08:00:00,8833912954.849373,13.57803366547611,0.0014454219963349103,3,0
2024-05-25 12:00:00,7707627984.023159,12.389830266134577,0.000977483083988966,6,0
2024-05-25 16:00:00,6601108564.795406,10.92310356549096,0.0014367569459094217,3,0
2024-05-25 20:00:00,7332182499.351923,10.965791097825988,3.971637332766473e-05,2,0
2024-05-26 00:00:00,7792955480.385588,11.71891598671092,0.0018147392606929003,2,0
2024-05-26 04:00:00,9475155826.710627,13.627439870696568,0.00096633796091396,2,0
2024-05-26 08:00:00,9379071487.626009,12.890331711458412,0.0008287271860742522,3,0
2024-05-26 12:00:00,8475357309.379376,11.597064966752082,0.0009798005772521858,7,0
2024-05-26 16:00:00,7625132324.2943,10.750375008979793,0.0019982911169332197,0,0
2024-05-26 20:00:00,6402011844.776753,11.075740604205217,0.0008841539606919448,3,0
2024-05-27 00:00:00,1268440661.6275187,37.689687115337556,0.14922234827225989,55,1
2024-05-27 04:00:00,9803304996.882679,13.435818677992364,0.0046755022107870525,4,0
2024-05-27 08:00:00,9658397241.905651,13.718847929089446,0.0014135840281196996,3,0
2024-05-27 12:00:00,8738682930.294409,12.140080579409798,0.0005839229883345893,3,0
2024-05-27 16:00:00,6847930628.075345,9.863147432470377,0.0012289385376562179,3,0
2024-05-27 20:00:00,6470642517.630132,10.479979714663239,0.0004930355950481086,3,0
2024-05-28 00:00:00,8236261932.276912,11.763080326464525,0.00025990539120417447,7,0
2024-05-28 04:00:00,9829122078.288197,13.72482467212965,0.0009084512334188313,2,0
2024-05-28 08:00:00,9713833518.53409,14.00519293157078,0.0026336215041162345,2,0
2024-05-28 12:00:00,8202909612.442948,12.003211134905506,0.0026470424058655617,3,0
2024-05-28 16:00:00,7041029229.780547,10.049756247167823,0.000418406403770263,3,0
2024-05-28 20:00:00,7082077590.1231165,10.213144290468144,0.0007500931924870727,4,0
2024-05-29 00:00:00,8552863596.414782,11.955818520397047,0.00023779523818756332,2,0
2024-05-29 04:00:00,9645124601.090961,13.547045292627818,0.0054332461920148165,3,0
2024-05-29 08:00:00,9318793413.92842,13.6026527762354,0.003969541312324312,3,0
2024-05-29 12:00:00,8058685474.573393,12.799323585252438,0.0010484200498860961,3,0
2024-05-29 16:00:00,7096962940.548245,10.548408916401748,0.0016317554037065766,2,0
2024-05-29 20:00:00,6287585085.550027,10.120209033416572,0.001255617603584788,3,0
2024-05-30 00:00:00,8147469323.54908,12.348477202255266,0.0008993309136890182,1,0
2024-05-30 04:00:00,9228305121.124052,13.565141062690742,5.4823726391967464e-05,5,0
2024-05-30 08:00:00,9397138575.229015,14.31861312636218,0.0006065371787904519,4,0
2024-05-30 12:00:00,8511380745.043018,12.18482109609917,0.0011232727809391317,3,0
2024-05-30 16:00:00,6690798981.152881,10.214298120429035,0.001131750175097633,4,0
2024-05-30 20:00:00,6632933973.207273,10.491807655336153,0.0004670043211463479,3,0
2024-05-31 00:00:00,7456057543.608098,11.214561923965832,0.002842015744951548,3,0
2024-05-31 04:00:00,9684142072.46596,13.168667073113937,0.00018315033882305846,4,0
2024-05-31 08:00:00,9643834318.511625,13.135088304369468,0.0006938663315181398,3,0
2024-05-31 12:00:00,8865301889.322136,12.071471547381792,0.0011740385921414737,4,0
2024-05-31 16:00:00,6491248059.963737,11.134206692173716,0.0011944707782097187,2,0
2024-05-31 20:00:00,6702019485.010462,11.383599265527423,0.001045940970982072,5,0
2024-06-01 00:00:00,8099753473.484152,12.319025550720191,0.0003219812389614336,4,0
2024-06-01 04:00:00,10016621957.960535,13.98247304504116,0.00016984756397095727,2,0
2024-06-01 08:00:00,9347522433.100342,12.831521940492534,0.0010104374874923897,3,0
2024-06-01 12:00:00,2852423088.129242,28.828754744417054,0.22754331664754018,54,1
2024-06-01 16:00:00,6857517957.831571,9.874057316477073,0.00019766589364657373,4,0
2024-06-01 20:00:00,6689003003.207413,9.957525393305527,0.0012212517138184887,4,0
2024-06-02 00:00:00,7821426554.179786,11.915928090707602,0.0006072851152877793,5,0
2024-06-02 04:00:00,9463276643.21436,13.496005518720233,0.001101899460311215,2,0
2024-06-02 08:00:00,9815093345.998957,12.742400902380917,0.0018162596409227903,3,0
2024-06-02 12:00:00,7589393880.235596,12.373955128058792,0.0001860024372223012,3,0
2024-06-02 16:00:00,6667547223.603723,9.73157767956131,1.9330504120641034e-05,3,0
2024-06-02 20:00:00,6334311027.969183,10.387572624486639,0.001510056877070906,2,0
2024-06-03 00:00:00,8478018651.5699,13.03704133487494,0.0009408330077192397,3,0
2024-06-03 04:00:00,8776365884.141602,13.272358511775675,0.001202772090878001,2,0
2024-06-03 08:00:00,9162071907.14652,12.46690704619578,0.0018211160373501085,6,0
2024-06-03 12:00:00,8150884750.026045,11.856997889060242,0.0016235922887795353,4,0
2024-06-03 16:00:00,7240568965.638635,10.818429009930409,0.0032421482115081914,2,0
2024-06-03 20:00:00,6588059249.515639,11.24712291954134,0.0007677308202762631,1,0
2024-06-04 00:00:00,7777920189.322648,11.3852252027737,0.0006703991553276017,4,0
2024-06-04 04:00:00,10138103473.83133,13.980400419187127,0.0005139759138744405,4,0
2024-06-04 08:00:00,8806435085.888584,13.499395579178827,0.00016687078846063782,2,0
2024-06-04 12:00:00,7120477617.3520565,11.947025822848044,0.0008500518592211518,6,0
2024-06-04 16:00:00,6790365133.966339,11.590120865939776,0.0003243633796926085,3,0
2024-06-04 20:00:00,2090998714.521787,43.54749322482494,0.07936897471912323,56,1
2024-06-05 00:00:00,7591506873.147608,12.126869830747154,0.0008751267261114473,3,0
2024-06-05 04:00:00,9668983224.974817,13.965897393451561,0.0008985494937326826,1,0
2024-06-05 08:00:00,9483160931.563671,14.274943970038663,0.000438388164165674,2,0
2024-06-05 12:00:00,7774368547.705251,12.048991576735375,5.338954469916885e-05,3,0
2024-06-05 16:00:00,6102237594.476575,10.421974462183217,3.225852154060481e-05,2,0
2024-06-05 20:00:00,6963342285.256858,10.072124908720106,0.0005504940203134059,3,0
2024-06-06 00:00:00,8260080471.183505,12.134563470622606,8.835632986675681e-05,3,0
2024-06-06 04:00:00,9345970300.543306,13.560454669820118,0.0009335563168130258,2,0
2024-06-06 08:00:00,10124295444.474184,14.042836752496921,0.00212840496823145,5,0
2024-06-06 12:00:00,7571966093.469697,11.81519483197838,0.0021448535451518143,1,0
2024-06-06 16:00:00,6004149285.574963,10.456499389382166,0.0010760059781094082,3,0
2024-06-06 20:00:00,6337596125.992376,10.253317785588603,0.00023728283080935126,3,0
2024-06-07 00:00:00,7981765593.457625,12.563025125385863,0.0019877512246541207,3,0
2024-06-07 04:00:00,9482976425.784119,13.70635394577456,0.0021723767746605243,4,0
2024-06-07 08:00:00,9289146222.912601,12.845534573465477,0.00021896925700721093,4,0
2024-06-07 12:00:00,8140822158.605729,12.63096075035701,0.0013372226585696406,1,0
2024-06-07 16:00:00,6113743584.268789,9.815083041999898,0.0003376002410770677,4,0
2024-06-07 20:00:00,7191865195.574252,9.941066023106776,0.0016227273894179918,2,0
2024-06-08 00:00:00,7967139528.642944,11.702169352978219,0.005891763984102353,1,0
2024-06-08 04:00:00,3301111160.651864,51.5549826676284,0.1007483897977993,49,1
2024-06-08 08:00:00,9522730784.606236,12.664213700579593,0.002276584709479032,4,0
2024-06-08 12:00:00,8182701287.661559,13.568874266830054,0.0009745305544575631,0,0
2024-06-08 16:00:00,6842266266.037774,10.795977596964143,0.0036261908617206775,4,0
2024-06-08 20:00:00,6793442777.951765,10.379568649495628,0.0006255063220133939,3,0
2024-06-09 00:00:00,8257089103.946774,11.972552999691551,0.0018798560713286728,4,0
2024-06-09 04:00:00,9917301658.10807,13.874827844997702,6.442553402568436e-05,0,0
2024-06-09 08:00:00,9464249113.935759,13.992612021758632,0.00040838795057103407,2,0
2024-06-09 12:00:00,8283601503.035485,12.322607792975129,6.936780364152464e-05,6,0
2024-06-09 16:00:00,6578465076.2300205,10.545751425432863,0.003702699856597469,4,0
2024-06-09 20:00:00,1805645680.0674803,30.42312889950856,0.21932598982453527,45,1
2024-06-10 00:00:00,7729443079.176195,11.901330789846217,0.0019142486548671398,2,0
2024-06-10 04:00:00,10106016819.219315,13.65641416574198,0.002780060267792967,1,0
2024-06-10 08:00:00,9369577465.797358,13.634596667392529,8.89443196873209e-05,2,0
2024-06-10 12:00:00,7427689959.152895,12.566885048433676,0.0004871051787210219,3,0
2024-06-10 16:00:00,6665601119.909244,10.564727553571592,7.368409635684104e-05,2,0
2024-06-10 20:00:00,6341938690.954944,8.79775487509898,0.00023672676380501274,4,0
2024-06-11 00:00:00,8336257419.59554,12.327950388264943,0.0002605414369764079,3,0
2024-06-11 04:00:00,9124591054.334106,13.829418904928216,0.000633195182169968,3,0
2024-06-11 08:00:00,2838221100.594062,58.000390271862926,0.17743387750098427,48,1
2024-06-11 12:00:00,2528919254.1210947,38.23310627994446,0.2649636225837804,52,1
2024-06-11 16:00:00,6433436826.245315,10.830005552424188,0.0001833113533939617,4,0
2024-06-11 20:00:00,5644807623.293296,10.741712423492528,0.00015931883591295434,3,0
2024-06-12 00:00:00,7366438870.605545,11.613561166087987,0.003614766832999243,2,0
2024-06-12 04:00:00,9689806508.512766,13.935576951131075,0.0014241728043015544,2,0
2024-06-12 08:00:00,9699960709.515463,13.246222440298268,0.0034345928111842914,4,0
2024-06-12 12:00:00,1242981329.3245866,33.11402599257769,0.07921969014773476,41,1
2024-06-12 16:00:00,6227568896.693187,9.954590580136108,0.0003262406327821876,4,0
2024-06-12 20:00:00,6595274811.48816,10.69914592862257,0.0016009401073184702,1,0
2024-06-13 00:00:00,7998558984.363572,12.476562522687793,0.0003949019720502683,2,0
2024-06-13 04:00:00,8922294770.378012,13.988593517617433,0.0003557944369921287,1,0
2024-06-13 08:00:00,9986999966.762007,14.094598700992933,0.00026462460698817666,1,0
2024-06-13 12:00:00,8350944916.230305,12.258089143557523,0.0001388931448469217,2,0
2024-06-13 16:00:00,6525973684.413024,9.947208394819635,0.0002963368317562342,4,0
2024-06-13 20:00:00,6625113689.542566,10.483910464767913,0.000439000819171165,3,0
2024-06-14 00:00:00,8083353123.17915,12.400204762614,0.0011208401313491105,4,0
2024-06-14 04:00:00,8568946698.685295,14.109196472475553,6.460768856366412e-05,2,0
2024-06-14 08:00:00,9286769693.046926,14.326507493306279,0.00023636423527484152,3,0
2024-06-14 12:00:00,7727206300.800951,12.35415192360062,0.0016556056297563988,5,0
2024-06-14 16:00:00,6213711349.98694,10.443673296201924,0.00015890420412443287,5,0
2024-06-14 20:00:00,6501919236.790536,10.80302431158936,0.0004195312944675591,3,0
2024-06-15 00:00:00,8719074610.73954,11.986739370375133,0.0019999571820367426,4,0
2024-06-15 04:00:00,9641977790.56198,13.291113481955112,0.00016833026635169876,4,0
2024-06-15 08:00:00,9157169050.142063,13.650517325597097,8.636086383903963e-05,3,0
2024-06-15 12:00:00,8229033112.542568,11.627548677596907,0.0006626916835373415,2,0
